local_hour,region,NO2,OZONE,PM2.5
2024-11-30 19:00:00,bronx,,17.0,37.0
2024-11-30 19:00:00,brooklyn,,,46.5
2024-11-30 19:00:00,manhattan,11.0,18.0,38.2
2024-11-30 19:00:00,queens,,19.0,43.333333333333336
2024-11-30 19:00:00,staten_island,8.0,,24.0
2024-11-30 20:00:00,bronx,,18.5,38.333333333333336
2024-11-30 20:00:00,brooklyn,,,48.5
2024-11-30 20:00:00,manhattan,8.0,18.5,40.4
2024-11-30 20:00:00,queens,,19.0,45.666666666666664
2024-11-30 20:00:00,staten_island,8.0,,27.0
2024-11-30 21:00:00,bronx,,17.0,40.666666666666664
2024-11-30 21:00:00,brooklyn,,,50.0
2024-11-30 21:00:00,manhattan,8.0,18.5,39.6
2024-11-30 21:00:00,queens,,19.0,47.666666666666664
2024-11-30 21:00:00,staten_island,7.0,,29.0
2024-11-30 22:00:00,bronx,,16.5,42.0
2024-11-30 22:00:00,brooklyn,,,49.5
2024-11-30 22:00:00,manhattan,8.0,17.5,38.2
2024-11-30 22:00:00,queens,,18.0,48.333333333333336
2024-11-30 22:00:00,staten_island,6.0,,29.0
2024-11-30 23:00:00,bronx,,16.0,42.333333333333336
2024-11-30 23:00:00,brooklyn,,,47.0
2024-11-30 23:00:00,manhattan,8.0,15.5,38.0
2024-11-30 23:00:00,queens,,18.0,47.0
2024-11-30 23:00:00,staten_island,6.0,,31.0
2024-12-01 00:00:00,bronx,,17.0,41.333333333333336
2024-12-01 00:00:00,brooklyn,,,46.0
2024-12-01 00:00:00,manhattan,,17.0,37.2
2024-12-01 00:00:00,queens,,18.0,46.333333333333336
2024-12-01 00:00:00,staten_island,7.0,,30.0
2024-12-01 01:00:00,bronx,,15.5,42.333333333333336
2024-12-01 01:00:00,brooklyn,,,45.5
2024-12-01 01:00:00,manhattan,,14.5,40.0
2024-12-01 01:00:00,queens,,16.0,46.333333333333336
2024-12-01 01:00:00,staten_island,,,31.0
2024-12-01 02:00:00,bronx,,18.0,43.333333333333336
2024-12-01 02:00:00,brooklyn,,,46.5
2024-12-01 02:00:00,manhattan,,16.0,43.2
2024-12-01 02:00:00,queens,,16.0,47.0
2024-12-01 02:00:00,staten_island,,,29.0
2024-12-01 03:00:00,bronx,,14.0,43.0
2024-12-01 03:00:00,brooklyn,,,45.0
2024-12-01 03:00:00,manhattan,,13.0,41.2
2024-12-01 03:00:00,queens,,15.0,46.333333333333336
2024-12-01 03:00:00,staten_island,,,29.666666666666668
2024-12-01 04:00:00,bronx,,16.0,42.666666666666664
2024-12-01 04:00:00,brooklyn,,,44.5
2024-12-01 04:00:00,manhattan,12.0,15.5,40.6
2024-12-01 04:00:00,queens,,15.0,45.666666666666664
2024-12-01 04:00:00,staten_island,11.0,,30.666666666666668
2024-12-01 05:00:00,bronx,,15.5,42.0
2024-12-01 05:00:00,brooklyn,,,45.0
2024-12-01 05:00:00,manhattan,12.0,15.5,40.8
2024-12-01 05:00:00,queens,,14.0,46.0
2024-12-01 05:00:00,staten_island,8.0,,34.333333333333336
2024-12-01 06:00:00,bronx,,14.5,42.666666666666664
2024-12-01 06:00:00,brooklyn,,,47.0
2024-12-01 06:00:00,manhattan,14.0,14.5,40.0
2024-12-01 06:00:00,queens,,14.0,47.666666666666664
2024-12-01 06:00:00,staten_island,12.0,,39.0
2024-12-01 07:00:00,bronx,,14.5,45.0
2024-12-01 07:00:00,brooklyn,,,48.5
2024-12-01 07:00:00,manhattan,17.0,12.5,41.2
2024-12-01 07:00:00,queens,,15.0,49.666666666666664
2024-12-01 07:00:00,staten_island,15.0,,42.333333333333336
2024-12-01 08:00:00,bronx,,14.0,46.666666666666664
2024-12-01 08:00:00,brooklyn,,,49.0
2024-12-01 08:00:00,manhattan,14.0,13.5,40.2
2024-12-01 08:00:00,queens,,17.0,50.0
2024-12-01 08:00:00,staten_island,12.0,,41.666666666666664
2024-12-01 09:00:00,bronx,,14.5,48.333333333333336
2024-12-01 09:00:00,brooklyn,,,49.0
2024-12-01 09:00:00,manhattan,13.0,13.5,42.0
2024-12-01 09:00:00,queens,,17.0,50.333333333333336
2024-12-01 09:00:00,staten_island,10.0,,44.333333333333336
2024-12-01 10:00:00,bronx,,15.0,47.666666666666664
2024-12-01 10:00:00,brooklyn,,,48.0
2024-12-01 10:00:00,manhattan,10.0,14.5,43.0
2024-12-01 10:00:00,queens,,19.0,49.666666666666664
2024-12-01 10:00:00,staten_island,8.0,,42.0
2024-12-01 11:00:00,bronx,,19.0,45.666666666666664
2024-12-01 11:00:00,brooklyn,,,43.5
2024-12-01 11:00:00,manhattan,7.0,18.5,40.0
2024-12-01 11:00:00,queens,,20.0,46.666666666666664
2024-12-01 11:00:00,staten_island,6.0,,38.666666666666664
2024-12-01 12:00:00,bronx,,20.0,45.0
2024-12-01 12:00:00,brooklyn,,,45.0
2024-12-01 12:00:00,manhattan,5.0,19.0,38.6
2024-12-01 12:00:00,queens,,21.0,47.666666666666664
2024-12-01 12:00:00,staten_island,5.0,,36.666666666666664
2024-12-01 13:00:00,bronx,,22.0,42.666666666666664
2024-12-01 13:00:00,brooklyn,,,43.5
2024-12-01 13:00:00,manhattan,5.0,21.0,38.2
2024-12-01 13:00:00,queens,,24.0,46.333333333333336
2024-12-01 13:00:00,staten_island,6.0,,33.0
2024-12-01 14:00:00,bronx,,21.5,42.0
2024-12-01 14:00:00,brooklyn,,,44.5
2024-12-01 14:00:00,manhattan,6.0,22.0,36.4
2024-12-01 14:00:00,queens,,24.0,47.0
2024-12-01 14:00:00,staten_island,4.0,,32.666666666666664
2024-12-01 15:00:00,bronx,,22.0,40.0
2024-12-01 15:00:00,brooklyn,,,47.5
2024-12-01 15:00:00,manhattan,8.0,22.0,36.8
2024-12-01 15:00:00,queens,,24.0,48.0
2024-12-01 15:00:00,staten_island,4.0,,34.333333333333336
2024-12-01 16:00:00,bronx,,23.5,37.666666666666664
2024-12-01 16:00:00,brooklyn,,,46.0
2024-12-01 16:00:00,manhattan,10.0,24.0,36.0
2024-12-01 16:00:00,queens,,26.0,45.333333333333336
2024-12-01 16:00:00,staten_island,7.0,,35.333333333333336
2024-12-01 17:00:00,bronx,,23.5,38.333333333333336
2024-12-01 17:00:00,brooklyn,,,47.5
2024-12-01 17:00:00,manhattan,13.0,24.5,35.4
2024-12-01 17:00:00,queens,,26.0,46.0
2024-12-01 17:00:00,staten_island,8.0,,35.0
2024-12-01 18:00:00,bronx,,21.0,41.666666666666664
2024-12-01 18:00:00,brooklyn,,,47.0
2024-12-01 18:00:00,manhattan,18.0,22.0,39.8
2024-12-01 18:00:00,queens,,25.0,45.333333333333336
2024-12-01 18:00:00,staten_island,17.0,,33.333333333333336
2024-12-01 19:00:00,bronx,,20.5,43.666666666666664
2024-12-01 19:00:00,brooklyn,,,48.0
2024-12-01 19:00:00,manhattan,22.0,20.5,43.0
2024-12-01 19:00:00,queens,,21.0,46.0
2024-12-01 19:00:00,staten_island,18.0,,33.333333333333336
2024-12-01 20:00:00,bronx,,19.0,44.0
2024-12-01 20:00:00,brooklyn,,,49.5
2024-12-01 20:00:00,manhattan,20.0,20.5,45.2
2024-12-01 20:00:00,queens,,22.0,47.333333333333336
2024-12-01 20:00:00,staten_island,25.0,,32.0
2024-12-01 21:00:00,bronx,,16.5,44.666666666666664
2024-12-01 21:00:00,brooklyn,,,-299.6666666666667
2024-12-01 21:00:00,manhattan,20.0,18.0,43.4
2024-12-01 21:00:00,queens,,19.0,48.0
2024-12-01 21:00:00,staten_island,23.0,,36.333333333333336
2024-12-01 22:00:00,bronx,,15.0,44.0
2024-12-01 22:00:00,brooklyn,,,46.0
2024-12-01 22:00:00,manhattan,20.0,16.5,44.6
2024-12-01 22:00:00,queens,,19.0,46.333333333333336
2024-12-01 22:00:00,staten_island,23.0,,40.0
2024-12-01 23:00:00,bronx,,14.5,43.0
2024-12-01 23:00:00,brooklyn,,,44.666666666666664
2024-12-01 23:00:00,manhattan,21.0,15.5,44.2
2024-12-01 23:00:00,queens,,17.0,45.0
2024-12-01 23:00:00,staten_island,22.0,,40.666666666666664
2024-12-02 00:00:00,bronx,,14.0,41.333333333333336
2024-12-02 00:00:00,brooklyn,,,43.0
2024-12-02 00:00:00,manhattan,21.0,14.5,42.0
2024-12-02 00:00:00,queens,,16.0,43.333333333333336
2024-12-02 00:00:00,staten_island,25.0,,39.666666666666664
2024-12-02 01:00:00,bronx,,13.5,40.0
2024-12-02 01:00:00,brooklyn,,,41.666666666666664
2024-12-02 01:00:00,manhattan,25.0,13.5,38.4
2024-12-02 01:00:00,queens,,15.0,41.666666666666664
2024-12-02 01:00:00,staten_island,26.0,,40.666666666666664
2024-12-02 02:00:00,bronx,,13.0,39.0
2024-12-02 02:00:00,brooklyn,,,41.0
2024-12-02 02:00:00,manhattan,22.0,12.5,38.6
2024-12-02 02:00:00,queens,,15.0,40.666666666666664
2024-12-02 02:00:00,staten_island,18.0,,41.0
2024-12-02 03:00:00,bronx,,13.0,37.0
2024-12-02 03:00:00,brooklyn,,,38.666666666666664
2024-12-02 03:00:00,manhattan,25.0,13.0,35.4
2024-12-02 03:00:00,queens,,15.0,38.0
2024-12-02 03:00:00,staten_island,25.0,,37.0
2024-12-02 04:00:00,bronx,,13.5,37.0
2024-12-02 04:00:00,brooklyn,,,39.0
2024-12-02 04:00:00,manhattan,25.0,12.0,35.6
2024-12-02 04:00:00,queens,,14.0,38.0
2024-12-02 04:00:00,staten_island,25.0,,38.666666666666664
2024-12-02 05:00:00,bronx,,12.5,37.0
2024-12-02 05:00:00,brooklyn,,,39.0
2024-12-02 05:00:00,manhattan,29.0,11.0,37.2
2024-12-02 05:00:00,queens,,12.0,38.333333333333336
2024-12-02 05:00:00,staten_island,26.0,,38.0
2024-12-02 06:00:00,bronx,,12.5,37.333333333333336
2024-12-02 06:00:00,brooklyn,,,40.333333333333336
2024-12-02 06:00:00,manhattan,29.0,9.5,37.6
2024-12-02 06:00:00,queens,,11.0,39.666666666666664
2024-12-02 06:00:00,staten_island,29.0,,41.333333333333336
2024-12-02 07:00:00,bronx,,12.0,38.0
2024-12-02 07:00:00,brooklyn,,,41.666666666666664
2024-12-02 07:00:00,manhattan,27.0,9.0,37.2
2024-12-02 07:00:00,queens,,12.0,41.0
2024-12-02 07:00:00,staten_island,27.0,,40.666666666666664
2024-12-02 08:00:00,bronx,,12.5,37.666666666666664
2024-12-02 08:00:00,brooklyn,,,41.0
2024-12-02 08:00:00,manhattan,25.0,12.0,34.0
2024-12-02 08:00:00,queens,,12.0,40.333333333333336
2024-12-02 08:00:00,staten_island,25.0,,38.0
2024-12-02 09:00:00,bronx,,15.0,37.666666666666664
2024-12-02 09:00:00,brooklyn,,,42.666666666666664
2024-12-02 09:00:00,manhattan,17.0,14.5,-173.2
2024-12-02 09:00:00,queens,,12.0,42.666666666666664
2024-12-02 09:00:00,staten_island,15.0,,35.333333333333336
2024-12-02 10:00:00,bronx,,14.5,37.666666666666664
2024-12-02 10:00:00,brooklyn,,,41.666666666666664
2024-12-02 10:00:00,manhattan,34.0,13.0,29.6
2024-12-02 10:00:00,queens,,13.0,41.666666666666664
2024-12-02 10:00:00,staten_island,11.0,,36.666666666666664
2024-12-02 11:00:00,bronx,,18.5,36.0
2024-12-02 11:00:00,brooklyn,,,43.0
2024-12-02 11:00:00,manhattan,24.0,17.0,29.0
2024-12-02 11:00:00,queens,,16.0,43.0
2024-12-02 11:00:00,staten_island,8.0,,31.333333333333332
2024-12-02 12:00:00,bronx,,19.0,32.333333333333336
2024-12-02 12:00:00,brooklyn,,,40.666666666666664
2024-12-02 12:00:00,manhattan,13.0,19.0,27.2
2024-12-02 12:00:00,queens,,18.0,40.666666666666664
2024-12-02 12:00:00,staten_island,8.0,,29.0
2024-12-02 13:00:00,bronx,,18.5,30.666666666666668
2024-12-02 13:00:00,brooklyn,,,36.666666666666664
2024-12-02 13:00:00,manhattan,15.0,19.0,27.6
2024-12-02 13:00:00,queens,,19.0,36.666666666666664
2024-12-02 13:00:00,staten_island,11.0,,26.333333333333332
2024-12-02 14:00:00,bronx,,18.5,29.0
2024-12-02 14:00:00,brooklyn,,,35.333333333333336
2024-12-02 14:00:00,manhattan,12.0,18.0,26.8
2024-12-02 14:00:00,queens,,19.0,35.0
2024-12-02 14:00:00,staten_island,8.0,,24.0
2024-12-02 15:00:00,bronx,,17.0,30.333333333333332
2024-12-02 15:00:00,brooklyn,,,33.333333333333336
2024-12-02 15:00:00,manhattan,18.0,17.0,29.8
2024-12-02 15:00:00,queens,,18.0,34.333333333333336
2024-12-02 15:00:00,staten_island,10.0,,23.666666666666668
2024-12-02 16:00:00,bronx,,17.0,30.666666666666668
2024-12-02 16:00:00,brooklyn,,,35.333333333333336
2024-12-02 16:00:00,manhattan,16.0,17.5,30.0
2024-12-02 16:00:00,queens,,17.0,36.666666666666664
2024-12-02 16:00:00,staten_island,12.0,,21.333333333333332
2024-12-02 17:00:00,bronx,,14.5,30.333333333333332
2024-12-02 17:00:00,brooklyn,,,35.0
2024-12-02 17:00:00,manhattan,20.0,14.5,30.2
2024-12-02 17:00:00,queens,,18.0,36.333333333333336
2024-12-02 17:00:00,staten_island,13.0,,18.333333333333332
2024-12-02 18:00:00,bronx,,14.0,31.0
2024-12-02 18:00:00,brooklyn,,,34.666666666666664
2024-12-02 18:00:00,manhattan,24.0,13.0,31.6
2024-12-02 18:00:00,queens,,16.0,36.333333333333336
2024-12-02 18:00:00,staten_island,18.0,,22.0
2024-12-02 19:00:00,bronx,,13.0,30.333333333333332
2024-12-02 19:00:00,brooklyn,,,38.0
2024-12-02 19:00:00,manhattan,23.0,13.0,33.4
2024-12-02 19:00:00,queens,,15.0,39.0
2024-12-02 19:00:00,staten_island,22.0,,24.666666666666668
2024-12-02 20:00:00,bronx,,13.5,31.0
2024-12-02 20:00:00,brooklyn,,,40.333333333333336
2024-12-02 20:00:00,manhattan,25.0,11.5,32.6
2024-12-02 20:00:00,queens,,14.0,40.333333333333336
2024-12-02 20:00:00,staten_island,24.0,,28.666666666666668
2024-12-02 21:00:00,bronx,,9.5,32.333333333333336
2024-12-02 21:00:00,brooklyn,,,39.0
2024-12-02 21:00:00,manhattan,29.0,9.0,34.6
2024-12-02 21:00:00,queens,,12.0,39.333333333333336
2024-12-02 21:00:00,staten_island,24.0,,29.0
2024-12-02 22:00:00,bronx,,7.5,32.666666666666664
2024-12-02 22:00:00,brooklyn,,,36.666666666666664
2024-12-02 22:00:00,manhattan,27.0,7.5,33.2
2024-12-02 22:00:00,queens,,11.0,36.666666666666664
2024-12-02 22:00:00,staten_island,25.0,,27.333333333333332
2024-12-02 23:00:00,bronx,,7.5,34.666666666666664
2024-12-02 23:00:00,brooklyn,,,32.666666666666664
2024-12-02 23:00:00,manhattan,27.0,7.5,35.4
2024-12-02 23:00:00,queens,,9.0,33.0
2024-12-02 23:00:00,staten_island,19.0,,28.0
2024-12-03 00:00:00,bronx,,8.5,32.666666666666664
2024-12-03 00:00:00,brooklyn,,,30.0
2024-12-03 00:00:00,manhattan,27.0,7.0,33.4
2024-12-03 00:00:00,queens,,9.0,30.333333333333332
2024-12-03 00:00:00,staten_island,15.0,,25.0
2024-12-03 01:00:00,bronx,,6.0,31.666666666666668
2024-12-03 01:00:00,brooklyn,,,31.333333333333332
2024-12-03 01:00:00,manhattan,27.0,5.5,32.8
2024-12-03 01:00:00,queens,,10.0,30.0
2024-12-03 01:00:00,staten_island,12.0,,29.0
2024-12-03 02:00:00,bronx,,4.5,33.333333333333336
2024-12-03 02:00:00,brooklyn,,,35.0
2024-12-03 02:00:00,manhattan,29.0,5.0,34.4
2024-12-03 02:00:00,queens,,6.0,32.666666666666664
2024-12-03 02:00:00,staten_island,12.0,,34.666666666666664
2024-12-03 03:00:00,bronx,,5.0,33.666666666666664
2024-12-03 03:00:00,brooklyn,,,36.333333333333336
2024-12-03 03:00:00,manhattan,27.0,6.0,35.0
2024-12-03 03:00:00,queens,,5.0,34.0
2024-12-03 03:00:00,staten_island,12.0,,33.666666666666664
2024-12-03 04:00:00,bronx,,6.0,34.0
2024-12-03 04:00:00,brooklyn,,,36.333333333333336
2024-12-03 04:00:00,manhattan,25.0,5.5,34.2
2024-12-03 04:00:00,queens,,7.0,33.666666666666664
2024-12-03 04:00:00,staten_island,14.0,,35.333333333333336
2024-12-03 05:00:00,bronx,,6.0,34.666666666666664
2024-12-03 05:00:00,brooklyn,,,37.666666666666664
2024-12-03 05:00:00,manhattan,25.0,5.0,34.2
2024-12-03 05:00:00,queens,,7.0,35.333333333333336
2024-12-03 05:00:00,staten_island,17.0,,35.333333333333336
2024-12-03 06:00:00,bronx,,6.0,36.0
2024-12-03 06:00:00,brooklyn,,,38.666666666666664
2024-12-03 06:00:00,manhattan,26.0,6.0,36.4
2024-12-03 06:00:00,queens,,6.0,36.333333333333336
2024-12-03 06:00:00,staten_island,18.0,,34.0
2024-12-03 07:00:00,bronx,,6.0,37.0
2024-12-03 07:00:00,brooklyn,,,39.666666666666664
2024-12-03 07:00:00,manhattan,26.0,6.5,37.2
2024-12-03 07:00:00,queens,,7.0,37.333333333333336
2024-12-03 07:00:00,staten_island,18.0,,34.0
2024-12-03 08:00:00,bronx,,6.5,38.666666666666664
2024-12-03 08:00:00,brooklyn,,,42.0
2024-12-03 08:00:00,manhattan,23.0,6.5,37.4
2024-12-03 08:00:00,queens,,8.0,40.0
2024-12-03 08:00:00,staten_island,15.0,,32.333333333333336
2024-12-03 09:00:00,bronx,,9.5,39.666666666666664
2024-12-03 09:00:00,brooklyn,,,44.333333333333336
2024-12-03 09:00:00,manhattan,19.0,9.0,38.4
2024-12-03 09:00:00,queens,,10.0,43.0
2024-12-03 09:00:00,staten_island,11.0,,28.666666666666668
2024-12-03 10:00:00,bronx,,12.5,40.0
2024-12-03 10:00:00,brooklyn,,,43.666666666666664
2024-12-03 10:00:00,manhattan,16.0,12.5,37.8
2024-12-03 10:00:00,queens,,11.0,42.666666666666664
2024-12-03 10:00:00,staten_island,8.0,,22.333333333333332
2024-12-03 11:00:00,bronx,,14.0,37.666666666666664
2024-12-03 11:00:00,brooklyn,,,39.333333333333336
2024-12-03 11:00:00,manhattan,13.0,14.0,35.4
2024-12-03 11:00:00,queens,,15.0,39.0
2024-12-03 11:00:00,staten_island,9.0,,24.0
2024-12-03 12:00:00,bronx,,18.0,32.0
2024-12-03 12:00:00,brooklyn,,,35.0
2024-12-03 12:00:00,manhattan,13.0,17.5,31.0
2024-12-03 12:00:00,queens,,18.0,35.666666666666664
2024-12-03 12:00:00,staten_island,9.0,,22.666666666666668
2024-12-03 13:00:00,bronx,,18.5,30.333333333333332
2024-12-03 13:00:00,brooklyn,,,31.333333333333332
2024-12-03 13:00:00,manhattan,16.0,18.5,28.8
2024-12-03 13:00:00,queens,,18.0,33.0
2024-12-03 13:00:00,staten_island,8.0,,18.333333333333332
2024-12-03 14:00:00,bronx,,19.5,26.666666666666668
2024-12-03 14:00:00,brooklyn,,,30.0
2024-12-03 14:00:00,manhattan,15.0,19.0,26.0
2024-12-03 14:00:00,queens,,19.0,32.0
2024-12-03 14:00:00,staten_island,8.0,,14.666666666666666
2024-12-03 15:00:00,bronx,,19.5,24.0
2024-12-03 15:00:00,brooklyn,,,27.5
2024-12-03 15:00:00,manhattan,14.0,19.0,24.4
2024-12-03 15:00:00,queens,,20.0,28.5
2024-12-03 15:00:00,staten_island,10.0,,16.666666666666668
2024-12-03 16:00:00,bronx,,19.5,24.0
2024-12-03 16:00:00,brooklyn,,,-317.6666666666667
2024-12-03 16:00:00,manhattan,18.0,20.0,23.8
2024-12-03 16:00:00,queens,,19.0,-316.6666666666667
2024-12-03 16:00:00,staten_island,13.0,,14.0
2024-12-03 17:00:00,bronx,,19.0,24.666666666666668
2024-12-03 17:00:00,brooklyn,,,22.333333333333332
2024-12-03 17:00:00,manhattan,14.0,20.0,23.8
2024-12-03 17:00:00,queens,,20.0,22.666666666666668
2024-12-03 17:00:00,staten_island,12.0,,17.0
2024-12-03 18:00:00,bronx,,20.0,24.0
2024-12-03 18:00:00,brooklyn,,,24.0
2024-12-03 18:00:00,manhattan,13.0,19.5,24.6
2024-12-03 18:00:00,queens,,19.0,24.333333333333332
2024-12-03 18:00:00,staten_island,11.0,,17.0
2024-12-03 19:00:00,bronx,,25.0,20.666666666666668
2024-12-03 19:00:00,brooklyn,,,22.666666666666668
2024-12-03 19:00:00,manhattan,13.0,23.5,21.4
2024-12-03 19:00:00,queens,,24.0,25.0
2024-12-03 19:00:00,staten_island,12.0,,14.5
2024-12-03 20:00:00,bronx,,26.5,18.0
2024-12-03 20:00:00,brooklyn,,,22.333333333333332
2024-12-03 20:00:00,manhattan,14.0,26.5,17.8
2024-12-03 20:00:00,queens,,27.0,-315.3333333333333
2024-12-03 20:00:00,staten_island,17.0,,-325.3333333333333
2024-12-03 21:00:00,bronx,,25.0,16.666666666666668
2024-12-03 21:00:00,brooklyn,,,20.333333333333332
2024-12-03 21:00:00,manhattan,23.0,24.0,17.2
2024-12-03 21:00:00,queens,,27.0,20.0
2024-12-03 21:00:00,staten_island,28.0,,13.0
2024-12-03 22:00:00,bronx,,24.5,16.333333333333332
2024-12-03 22:00:00,brooklyn,,,16.333333333333332
2024-12-03 22:00:00,manhattan,20.0,23.5,17.2
2024-12-03 22:00:00,queens,,23.0,16.333333333333332
2024-12-03 22:00:00,staten_island,27.0,,14.333333333333334
2024-12-03 23:00:00,bronx,,25.5,16.333333333333332
2024-12-03 23:00:00,brooklyn,,,15.0
2024-12-03 23:00:00,manhattan,19.0,24.5,16.8
2024-12-03 23:00:00,queens,,26.0,15.0
2024-12-03 23:00:00,staten_island,29.0,,14.333333333333334
2024-12-04 00:00:00,bronx,,23.5,16.333333333333332
2024-12-04 00:00:00,brooklyn,,,14.666666666666666
2024-12-04 00:00:00,manhattan,29.0,23.5,16.8
2024-12-04 00:00:00,queens,,24.0,15.0
2024-12-04 00:00:00,staten_island,27.0,,19.333333333333332
2024-12-04 01:00:00,bronx,,20.0,17.666666666666668
2024-12-04 01:00:00,brooklyn,,,16.666666666666668
2024-12-04 01:00:00,manhattan,22.0,19.0,19.4
2024-12-04 01:00:00,queens,,24.0,16.333333333333332
2024-12-04 01:00:00,staten_island,25.0,,20.666666666666668
2024-12-04 02:00:00,bronx,,19.5,17.666666666666668
2024-12-04 02:00:00,brooklyn,,,18.333333333333332
2024-12-04 02:00:00,manhattan,29.0,18.0,18.2
2024-12-04 02:00:00,queens,,19.0,17.0
2024-12-04 02:00:00,staten_island,25.0,,23.0
2024-12-04 03:00:00,bronx,,19.0,19.0
2024-12-04 03:00:00,brooklyn,,,22.666666666666668
2024-12-04 03:00:00,manhattan,28.0,17.0,18.8
2024-12-04 03:00:00,queens,,16.0,19.666666666666668
2024-12-04 03:00:00,staten_island,25.0,,23.333333333333332
2024-12-04 04:00:00,bronx,,15.0,22.0
2024-12-04 04:00:00,brooklyn,,,29.0
2024-12-04 04:00:00,manhattan,34.0,13.0,22.6
2024-12-04 04:00:00,queens,,9.0,25.666666666666668
2024-12-04 04:00:00,staten_island,25.0,,25.333333333333332
2024-12-04 05:00:00,bronx,,10.5,27.0
2024-12-04 05:00:00,brooklyn,,,34.666666666666664
2024-12-04 05:00:00,manhattan,35.0,9.5,28.4
2024-12-04 05:00:00,queens,,6.0,31.0
2024-12-04 05:00:00,staten_island,28.0,,29.333333333333332
2024-12-04 06:00:00,bronx,,7.5,33.666666666666664
2024-12-04 06:00:00,brooklyn,,,43.666666666666664
2024-12-04 06:00:00,manhattan,42.0,7.0,34.0
2024-12-04 06:00:00,queens,,4.0,39.333333333333336
2024-12-04 06:00:00,staten_island,28.0,,35.0
2024-12-04 07:00:00,bronx,,7.0,39.666666666666664
2024-12-04 07:00:00,brooklyn,,,51.0
2024-12-04 07:00:00,manhattan,42.0,7.5,40.6
2024-12-04 07:00:00,queens,,4.0,45.333333333333336
2024-12-04 07:00:00,staten_island,24.0,,43.333333333333336
2024-12-04 08:00:00,bronx,,8.0,44.333333333333336
2024-12-04 08:00:00,brooklyn,,,52.666666666666664
2024-12-04 08:00:00,manhattan,33.0,7.0,41.4
2024-12-04 08:00:00,queens,,4.0,53.0
2024-12-04 08:00:00,staten_island,20.0,,40.666666666666664
2024-12-04 09:00:00,bronx,,7.5,50.666666666666664
2024-12-04 09:00:00,brooklyn,,,54.0
2024-12-04 09:00:00,manhattan,29.0,6.0,46.2
2024-12-04 09:00:00,queens,,6.0,-296.6666666666667
2024-12-04 09:00:00,staten_island,16.0,,43.0
2024-12-04 10:00:00,bronx,,7.0,50.666666666666664
2024-12-04 10:00:00,brooklyn,,,52.333333333333336
2024-12-04 10:00:00,manhattan,28.0,7.5,50.0
2024-12-04 10:00:00,queens,,10.0,53.333333333333336
2024-12-04 10:00:00,staten_island,20.0,,46.0
2024-12-04 11:00:00,bronx,,10.0,45.666666666666664
2024-12-04 11:00:00,brooklyn,,,48.0
2024-12-04 11:00:00,manhattan,22.0,10.5,46.2
2024-12-04 11:00:00,queens,,13.0,48.333333333333336
2024-12-04 11:00:00,staten_island,21.0,,45.666666666666664
2024-12-04 12:00:00,bronx,,12.5,43.0
2024-12-04 12:00:00,brooklyn,,,44.333333333333336
2024-12-04 12:00:00,manhattan,14.0,11.5,43.0
2024-12-04 12:00:00,queens,,16.0,44.666666666666664
2024-12-04 12:00:00,staten_island,21.0,,44.333333333333336
2024-12-04 13:00:00,bronx,,13.0,41.333333333333336
2024-12-04 13:00:00,brooklyn,,,41.666666666666664
2024-12-04 13:00:00,manhattan,12.0,12.5,41.0
2024-12-04 13:00:00,queens,,18.0,42.333333333333336
2024-12-04 13:00:00,staten_island,24.0,,41.0
2024-12-04 14:00:00,bronx,,11.0,39.0
2024-12-04 14:00:00,brooklyn,,,37.333333333333336
2024-12-04 14:00:00,manhattan,12.0,13.5,38.8
2024-12-04 14:00:00,queens,,19.0,39.0
2024-12-04 14:00:00,staten_island,23.0,,37.0
2024-12-04 15:00:00,bronx,,14.0,34.666666666666664
2024-12-04 15:00:00,brooklyn,,,32.0
2024-12-04 15:00:00,manhattan,17.0,13.5,34.2
2024-12-04 15:00:00,queens,,18.0,35.0
2024-12-04 15:00:00,staten_island,22.0,,30.333333333333332
2024-12-04 16:00:00,bronx,,14.5,33.666666666666664
2024-12-04 16:00:00,brooklyn,,,32.0
2024-12-04 16:00:00,manhattan,15.0,13.0,32.8
2024-12-04 16:00:00,queens,,19.0,35.333333333333336
2024-12-04 16:00:00,staten_island,16.0,,27.666666666666668
2024-12-04 17:00:00,bronx,,15.0,29.0
2024-12-04 17:00:00,brooklyn,,,28.666666666666668
2024-12-04 17:00:00,manhattan,9.0,16.0,25.2
2024-12-04 17:00:00,queens,,20.0,31.0
2024-12-04 17:00:00,staten_island,22.0,,30.0
2024-12-04 18:00:00,bronx,,15.5,31.0
2024-12-04 18:00:00,brooklyn,,,31.0
2024-12-04 18:00:00,manhattan,11.0,15.5,25.4
2024-12-04 18:00:00,queens,,20.0,33.0
2024-12-04 18:00:00,staten_island,17.0,,31.5
2024-12-04 19:00:00,bronx,,14.5,32.0
2024-12-04 19:00:00,brooklyn,,,32.0
2024-12-04 19:00:00,manhattan,8.0,15.0,28.0
2024-12-04 19:00:00,queens,,20.0,33.666666666666664
2024-12-04 19:00:00,staten_island,16.0,,31.0
2024-12-04 20:00:00,bronx,,17.5,29.666666666666668
2024-12-04 20:00:00,brooklyn,,,31.0
2024-12-04 20:00:00,manhattan,7.0,18.0,29.4
2024-12-04 20:00:00,queens,,22.0,32.333333333333336
2024-12-04 20:00:00,staten_island,13.0,,-317.3333333333333
2024-12-04 21:00:00,bronx,,19.0,29.0
2024-12-04 21:00:00,brooklyn,,,27.666666666666668
2024-12-04 21:00:00,manhattan,8.0,19.0,28.8
2024-12-04 21:00:00,queens,,23.0,28.666666666666668
2024-12-04 21:00:00,staten_island,9.0,,17.333333333333332
2024-12-04 22:00:00,bronx,,18.5,28.0
2024-12-04 22:00:00,brooklyn,,,28.0
2024-12-04 22:00:00,manhattan,9.0,18.0,27.6
2024-12-04 22:00:00,queens,,20.0,29.0
2024-12-04 22:00:00,staten_island,9.0,,18.333333333333332
2024-12-04 23:00:00,bronx,,19.0,32.666666666666664
2024-12-04 23:00:00,brooklyn,,,34.333333333333336
2024-12-04 23:00:00,manhattan,9.0,18.5,32.4
2024-12-04 23:00:00,queens,,22.0,35.666666666666664
2024-12-04 23:00:00,staten_island,8.0,,27.0
2024-12-05 00:00:00,bronx,,16.5,36.333333333333336
2024-12-05 00:00:00,brooklyn,,,37.0
2024-12-05 00:00:00,manhattan,10.0,17.0,37.6
2024-12-05 00:00:00,queens,,21.0,38.0
2024-12-05 00:00:00,staten_island,8.0,,34.333333333333336
2024-12-05 01:00:00,bronx,,17.0,39.666666666666664
2024-12-05 01:00:00,brooklyn,,,40.666666666666664
2024-12-05 01:00:00,manhattan,14.0,17.5,39.6
2024-12-05 01:00:00,queens,,19.0,42.333333333333336
2024-12-05 01:00:00,staten_island,11.0,,38.666666666666664
2024-12-05 02:00:00,bronx,,17.0,45.0
2024-12-05 02:00:00,brooklyn,,,44.666666666666664
2024-12-05 02:00:00,manhattan,13.0,17.0,44.0
2024-12-05 02:00:00,queens,,19.0,46.0
2024-12-05 02:00:00,staten_island,9.0,,39.0
2024-12-05 03:00:00,bronx,,16.5,46.666666666666664
2024-12-05 03:00:00,brooklyn,,,46.666666666666664
2024-12-05 03:00:00,manhattan,12.0,17.0,45.8
2024-12-05 03:00:00,queens,,19.0,47.333333333333336
2024-12-05 03:00:00,staten_island,33.0,,36.666666666666664
2024-12-05 04:00:00,bronx,,13.5,48.333333333333336
2024-12-05 04:00:00,brooklyn,,,50.333333333333336
2024-12-05 04:00:00,manhattan,11.0,15.0,47.8
2024-12-05 04:00:00,queens,,17.0,51.0
2024-12-05 04:00:00,staten_island,24.0,,47.0
2024-12-05 05:00:00,bronx,,10.0,50.333333333333336
2024-12-05 05:00:00,brooklyn,,,52.0
2024-12-05 05:00:00,manhattan,14.0,11.5,51.0
2024-12-05 05:00:00,queens,,14.0,53.333333333333336
2024-12-05 05:00:00,staten_island,27.0,,47.0
2024-12-05 06:00:00,bronx,,11.5,55.0
2024-12-05 06:00:00,brooklyn,,,57.333333333333336
2024-12-05 06:00:00,manhattan,25.0,12.5,55.4
2024-12-05 06:00:00,queens,,15.0,58.333333333333336
2024-12-05 06:00:00,staten_island,15.0,,53.333333333333336
2024-12-05 07:00:00,bronx,,10.5,55.0
2024-12-05 07:00:00,brooklyn,,,58.0
2024-12-05 07:00:00,manhattan,20.0,9.5,55.6
2024-12-05 07:00:00,queens,,12.0,59.333333333333336
2024-12-05 07:00:00,staten_island,23.0,,51.0
2024-12-05 08:00:00,bronx,,9.0,56.333333333333336
2024-12-05 08:00:00,brooklyn,,,59.666666666666664
2024-12-05 08:00:00,manhattan,23.0,9.0,56.2
2024-12-05 08:00:00,queens,,9.0,61.0
2024-12-05 08:00:00,staten_island,19.0,,54.333333333333336
2024-12-05 09:00:00,bronx,,11.5,57.0
2024-12-05 09:00:00,brooklyn,,,59.0
2024-12-05 09:00:00,manhattan,17.0,10.0,57.0
2024-12-05 09:00:00,queens,,12.0,60.333333333333336
2024-12-05 09:00:00,staten_island,16.0,,53.333333333333336
2024-12-05 10:00:00,bronx,,16.0,53.0
2024-12-05 10:00:00,brooklyn,,,53.666666666666664
2024-12-05 10:00:00,manhattan,,14.5,53.0
2024-12-05 10:00:00,queens,,19.0,55.333333333333336
2024-12-05 10:00:00,staten_island,8.0,,46.666666666666664
2024-12-05 11:00:00,bronx,,18.0,40.666666666666664
2024-12-05 11:00:00,brooklyn,,,46.0
2024-12-05 11:00:00,manhattan,12.0,18.0,-167.0
2024-12-05 11:00:00,queens,,19.0,47.666666666666664
2024-12-05 11:00:00,staten_island,7.0,,37.333333333333336
2024-12-05 12:00:00,bronx,,19.0,30.0
2024-12-05 12:00:00,brooklyn,,,39.333333333333336
2024-12-05 12:00:00,manhattan,8.0,19.0,31.0
2024-12-05 12:00:00,queens,,19.0,36.666666666666664
2024-12-05 12:00:00,staten_island,4.0,,29.666666666666668
2024-12-05 13:00:00,bronx,,19.5,25.0
2024-12-05 13:00:00,brooklyn,,,31.666666666666668
2024-12-05 13:00:00,manhattan,5.0,19.5,24.6
2024-12-05 13:00:00,queens,,20.0,30.333333333333332
2024-12-05 13:00:00,staten_island,4.0,,27.333333333333332
2024-12-05 14:00:00,bronx,,20.0,25.333333333333332
2024-12-05 14:00:00,brooklyn,,,29.333333333333332
2024-12-05 14:00:00,manhattan,6.0,19.5,24.8
2024-12-05 14:00:00,queens,,21.0,28.666666666666668
2024-12-05 14:00:00,staten_island,5.0,,30.333333333333332
2024-12-05 15:00:00,bronx,,17.5,26.333333333333332
2024-12-05 15:00:00,brooklyn,,,28.666666666666668
2024-12-05 15:00:00,manhattan,8.0,18.0,27.4
2024-12-05 15:00:00,queens,,19.0,28.666666666666668
2024-12-05 15:00:00,staten_island,5.0,,24.333333333333332
2024-12-05 16:00:00,bronx,,18.0,26.666666666666668
2024-12-05 16:00:00,brooklyn,,,28.666666666666668
2024-12-05 16:00:00,manhattan,10.0,19.0,28.6
2024-12-05 16:00:00,queens,,18.0,29.333333333333332
2024-12-05 16:00:00,staten_island,6.0,,22.333333333333332
2024-12-05 17:00:00,bronx,,17.5,25.666666666666668
2024-12-05 17:00:00,brooklyn,,,28.0
2024-12-05 17:00:00,manhattan,9.0,19.0,29.4
2024-12-05 17:00:00,queens,,19.0,28.666666666666668
2024-12-05 17:00:00,staten_island,6.0,,21.666666666666668
2024-12-05 18:00:00,bronx,,18.0,24.666666666666668
2024-12-05 18:00:00,brooklyn,,,26.333333333333332
2024-12-05 18:00:00,manhattan,9.0,18.5,23.6
2024-12-05 18:00:00,queens,,19.0,27.0
2024-12-05 18:00:00,staten_island,7.0,,20.333333333333332
2024-12-05 19:00:00,bronx,,16.5,16.5
2024-12-05 19:00:00,brooklyn,,,25.666666666666668
2024-12-05 19:00:00,manhattan,8.0,17.0,17.75
2024-12-05 19:00:00,queens,,17.0,25.666666666666668
2024-12-05 19:00:00,staten_island,6.0,,15.666666666666666
2024-12-05 20:00:00,bronx,,17.5,15.0
2024-12-05 20:00:00,brooklyn,,,25.666666666666668
2024-12-05 20:00:00,manhattan,7.0,18.0,15.25
2024-12-05 20:00:00,queens,,18.0,26.0
2024-12-05 20:00:00,staten_island,5.0,,13.333333333333334
2024-12-05 21:00:00,bronx,,16.5,-323.3333333333333
2024-12-05 21:00:00,brooklyn,,,24.333333333333332
2024-12-05 21:00:00,manhattan,6.0,17.0,-186.8
2024-12-05 21:00:00,queens,,19.0,24.333333333333332
2024-12-05 21:00:00,staten_island,5.0,,14.0
2024-12-05 22:00:00,bronx,,15.5,10.666666666666666
2024-12-05 22:00:00,brooklyn,,,24.0
2024-12-05 22:00:00,manhattan,6.0,15.0,12.8
2024-12-05 22:00:00,queens,,17.0,24.0
2024-12-05 22:00:00,staten_island,5.0,,14.0
2024-12-05 23:00:00,bronx,,15.0,12.333333333333334
2024-12-05 23:00:00,brooklyn,,,24.0
2024-12-05 23:00:00,manhattan,8.0,15.0,14.0
2024-12-05 23:00:00,queens,,14.0,23.0
2024-12-05 23:00:00,staten_island,5.0,,13.666666666666666
2024-12-06 00:00:00,bronx,,14.5,13.0
2024-12-06 00:00:00,brooklyn,,,24.666666666666668
2024-12-06 00:00:00,manhattan,8.0,14.5,14.4
2024-12-06 00:00:00,queens,,14.0,24.0
2024-12-06 00:00:00,staten_island,5.0,,14.666666666666666
2024-12-06 01:00:00,bronx,,14.5,16.333333333333332
2024-12-06 01:00:00,brooklyn,,,25.666666666666668
2024-12-06 01:00:00,manhattan,8.0,14.0,17.2
2024-12-06 01:00:00,queens,,13.0,25.0
2024-12-06 01:00:00,staten_island,5.0,,14.0
2024-12-06 02:00:00,bronx,,16.5,16.333333333333332
2024-12-06 02:00:00,brooklyn,,,26.0
2024-12-06 02:00:00,manhattan,8.0,14.5,17.6
2024-12-06 02:00:00,queens,,10.0,25.666666666666668
2024-12-06 02:00:00,staten_island,6.0,,15.666666666666666
2024-12-06 03:00:00,bronx,,18.5,14.333333333333334
2024-12-06 03:00:00,brooklyn,,,24.666666666666668
2024-12-06 03:00:00,manhattan,8.0,18.0,16.0
2024-12-06 03:00:00,queens,,18.0,23.666666666666668
2024-12-06 03:00:00,staten_island,6.0,,15.333333333333334
2024-12-06 04:00:00,bronx,,18.5,13.333333333333334
2024-12-06 04:00:00,brooklyn,,,21.666666666666668
2024-12-06 04:00:00,manhattan,10.0,18.5,15.8
2024-12-06 04:00:00,queens,,17.0,21.0
2024-12-06 04:00:00,staten_island,5.0,,14.666666666666666
2024-12-06 05:00:00,bronx,,18.5,15.333333333333334
2024-12-06 05:00:00,brooklyn,,,21.333333333333332
2024-12-06 05:00:00,manhattan,14.0,18.5,16.6
2024-12-06 05:00:00,queens,,17.0,20.666666666666668
2024-12-06 05:00:00,staten_island,7.0,,14.666666666666666
2024-12-06 06:00:00,bronx,,20.0,14.666666666666666
2024-12-06 06:00:00,brooklyn,,,19.0
2024-12-06 06:00:00,manhattan,16.0,20.0,15.4
2024-12-06 06:00:00,queens,,18.0,18.666666666666668
2024-12-06 06:00:00,staten_island,8.0,,13.333333333333334
2024-12-06 07:00:00,bronx,,22.5,14.333333333333334
2024-12-06 07:00:00,brooklyn,,,17.666666666666668
2024-12-06 07:00:00,manhattan,18.0,22.0,15.2
2024-12-06 07:00:00,queens,,24.0,17.333333333333332
2024-12-06 07:00:00,staten_island,13.0,,12.333333333333334
2024-12-06 08:00:00,bronx,,25.0,14.333333333333334
2024-12-06 08:00:00,brooklyn,,,17.666666666666668
2024-12-06 08:00:00,manhattan,19.0,25.0,14.8
2024-12-06 08:00:00,queens,,26.0,17.333333333333332
2024-12-06 08:00:00,staten_island,9.0,,11.333333333333334
2024-12-06 09:00:00,bronx,,25.5,15.333333333333334
2024-12-06 09:00:00,brooklyn,,,16.666666666666668
2024-12-06 09:00:00,manhattan,23.0,25.0,15.2
2024-12-06 09:00:00,queens,,27.0,16.666666666666668
2024-12-06 09:00:00,staten_island,8.0,,9.666666666666666
2024-12-06 10:00:00,bronx,,26.0,13.666666666666666
2024-12-06 10:00:00,brooklyn,,,15.666666666666666
2024-12-06 10:00:00,manhattan,15.0,26.5,12.2
2024-12-06 10:00:00,queens,,27.0,15.333333333333334
2024-12-06 10:00:00,staten_island,7.0,,13.0
2024-12-06 11:00:00,bronx,,26.0,11.333333333333334
2024-12-06 11:00:00,brooklyn,,,13.666666666666666
2024-12-06 11:00:00,manhattan,12.0,27.0,9.0
2024-12-06 11:00:00,queens,,29.0,13.0
2024-12-06 11:00:00,staten_island,8.0,,10.5
2024-12-06 12:00:00,bronx,,27.0,10.333333333333334
2024-12-06 12:00:00,brooklyn,,,13.333333333333334
2024-12-06 12:00:00,manhattan,14.0,27.5,8.2
2024-12-06 12:00:00,queens,,29.0,13.0
2024-12-06 12:00:00,staten_island,6.0,,10.0
2024-12-06 13:00:00,bronx,,27.5,11.333333333333334
2024-12-06 13:00:00,brooklyn,,,16.666666666666668
2024-12-06 13:00:00,manhattan,15.0,26.0,10.2
2024-12-06 13:00:00,queens,,27.0,16.333333333333332
2024-12-06 13:00:00,staten_island,6.0,,10.5
2024-12-06 14:00:00,bronx,,27.0,13.333333333333334
2024-12-06 14:00:00,brooklyn,,,17.333333333333332
2024-12-06 14:00:00,manhattan,15.0,26.5,13.6
2024-12-06 14:00:00,queens,,28.0,17.0
2024-12-06 14:00:00,staten_island,8.0,,-325.0
2024-12-06 15:00:00,bronx,,27.0,15.333333333333334
2024-12-06 15:00:00,brooklyn,,,19.0
2024-12-06 15:00:00,manhattan,18.0,27.5,16.0
2024-12-06 15:00:00,queens,,29.0,18.666666666666668
2024-12-06 15:00:00,staten_island,8.0,,10.333333333333334
2024-12-06 16:00:00,bronx,,27.0,16.0
2024-12-06 16:00:00,brooklyn,,,21.0
2024-12-06 16:00:00,manhattan,17.0,27.0,17.2
2024-12-06 16:00:00,queens,,27.0,21.0
2024-12-06 16:00:00,staten_island,10.0,,10.666666666666666
2024-12-06 17:00:00,bronx,,26.0,16.666666666666668
2024-12-06 17:00:00,brooklyn,,,23.666666666666668
2024-12-06 17:00:00,manhattan,18.0,27.5,19.0
2024-12-06 17:00:00,queens,,30.0,23.666666666666668
2024-12-06 17:00:00,staten_island,15.0,,12.333333333333334
2024-12-06 18:00:00,bronx,,22.0,17.333333333333332
2024-12-06 18:00:00,brooklyn,,,23.666666666666668
2024-12-06 18:00:00,manhattan,17.0,23.5,20.2
2024-12-06 18:00:00,queens,,27.0,23.666666666666668
2024-12-06 18:00:00,staten_island,14.0,,12.333333333333334
2024-12-06 19:00:00,bronx,,21.5,17.333333333333332
2024-12-06 19:00:00,brooklyn,,,26.666666666666668
2024-12-06 19:00:00,manhattan,18.0,23.0,19.0
2024-12-06 19:00:00,queens,,24.0,27.0
2024-12-06 19:00:00,staten_island,15.0,,12.333333333333334
2024-12-06 20:00:00,bronx,,20.0,17.333333333333332
2024-12-06 20:00:00,brooklyn,,,25.333333333333332
2024-12-06 20:00:00,manhattan,17.0,19.5,18.2
2024-12-06 20:00:00,queens,,21.0,25.666666666666668
2024-12-06 20:00:00,staten_island,15.0,,12.666666666666666
2024-12-06 21:00:00,bronx,,19.0,18.0
2024-12-06 21:00:00,brooklyn,,,25.0
2024-12-06 21:00:00,manhattan,22.0,19.0,19.0
2024-12-06 21:00:00,queens,,20.0,25.666666666666668
2024-12-06 21:00:00,staten_island,15.0,,13.0
2024-12-06 22:00:00,bronx,,17.0,19.0
2024-12-06 22:00:00,brooklyn,,,24.666666666666668
2024-12-06 22:00:00,manhattan,20.0,16.5,21.4
2024-12-06 22:00:00,queens,,21.0,24.666666666666668
2024-12-06 22:00:00,staten_island,9.0,,14.0
2024-12-06 23:00:00,bronx,,16.5,20.0
2024-12-06 23:00:00,brooklyn,,,24.0
2024-12-06 23:00:00,manhattan,12.0,16.0,23.4
2024-12-06 23:00:00,queens,,19.0,24.0
2024-12-06 23:00:00,staten_island,8.0,,14.666666666666666
2024-12-07 00:00:00,bronx,,18.5,20.666666666666668
2024-12-07 00:00:00,brooklyn,,,25.0
2024-12-07 00:00:00,manhattan,11.0,17.5,23.8
2024-12-07 00:00:00,queens,,19.0,25.333333333333332
2024-12-07 00:00:00,staten_island,7.0,,16.333333333333332
2024-12-07 01:00:00,bronx,,19.0,21.333333333333332
2024-12-07 01:00:00,brooklyn,,,24.666666666666668
2024-12-07 01:00:00,manhattan,9.0,18.0,22.4
2024-12-07 01:00:00,queens,,19.0,25.333333333333332
2024-12-07 01:00:00,staten_island,7.0,,17.0
2024-12-07 02:00:00,bronx,,18.5,22.0
2024-12-07 02:00:00,brooklyn,,,25.666666666666668
2024-12-07 02:00:00,manhattan,8.0,17.0,21.6
2024-12-07 02:00:00,queens,,19.0,26.333333333333332
2024-12-07 02:00:00,staten_island,6.0,,16.333333333333332
2024-12-07 03:00:00,bronx,,17.5,22.0
2024-12-07 03:00:00,brooklyn,,,25.666666666666668
2024-12-07 03:00:00,manhattan,9.0,18.0,22.4
2024-12-07 03:00:00,queens,,20.0,26.666666666666668
2024-12-07 03:00:00,staten_island,6.0,,15.666666666666666
2024-12-07 04:00:00,bronx,,17.0,23.0
2024-12-07 04:00:00,brooklyn,,,27.0
2024-12-07 04:00:00,manhattan,10.0,16.0,24.4
2024-12-07 04:00:00,queens,,19.0,28.0
2024-12-07 04:00:00,staten_island,8.0,,17.333333333333332
2024-12-07 05:00:00,bronx,,17.5,26.0
2024-12-07 05:00:00,brooklyn,,,32.666666666666664
2024-12-07 05:00:00,manhattan,11.0,15.5,25.0
2024-12-07 05:00:00,queens,,19.0,34.333333333333336
2024-12-07 05:00:00,staten_island,8.0,,23.0
2024-12-07 06:00:00,bronx,,16.0,28.0
2024-12-07 06:00:00,brooklyn,,,34.0
2024-12-07 06:00:00,manhattan,14.0,15.0,28.0
2024-12-07 06:00:00,queens,,17.0,38.333333333333336
2024-12-07 06:00:00,staten_island,8.0,,25.333333333333332
2024-12-07 07:00:00,bronx,,17.0,31.0
2024-12-07 07:00:00,brooklyn,,,35.666666666666664
2024-12-07 07:00:00,manhattan,16.0,17.5,32.2
2024-12-07 07:00:00,queens,,16.0,39.333333333333336
2024-12-07 07:00:00,staten_island,9.0,,25.333333333333332
2024-12-07 08:00:00,bronx,,17.0,33.666666666666664
2024-12-07 08:00:00,brooklyn,,,39.666666666666664
2024-12-07 08:00:00,manhattan,14.0,17.0,33.6
2024-12-07 08:00:00,queens,,15.0,42.666666666666664
2024-12-07 08:00:00,staten_island,9.0,,27.666666666666668
2024-12-07 09:00:00,bronx,,17.5,36.666666666666664
2024-12-07 09:00:00,brooklyn,,,45.0
2024-12-07 09:00:00,manhattan,9.0,18.0,35.4
2024-12-07 09:00:00,queens,,16.0,48.333333333333336
2024-12-07 09:00:00,staten_island,8.0,,28.0
2024-12-07 10:00:00,bronx,,17.5,39.666666666666664
2024-12-07 10:00:00,brooklyn,,,44.0
2024-12-07 10:00:00,manhattan,7.0,16.5,35.6
2024-12-07 10:00:00,queens,,16.0,47.333333333333336
2024-12-07 10:00:00,staten_island,6.0,,26.333333333333332
2024-12-07 11:00:00,bronx,,16.5,40.0
2024-12-07 11:00:00,brooklyn,,,44.333333333333336
2024-12-07 11:00:00,manhattan,8.0,17.5,36.2
2024-12-07 11:00:00,queens,,17.0,47.666666666666664
2024-12-07 11:00:00,staten_island,4.0,,30.333333333333332
2024-12-07 12:00:00,bronx,,18.0,38.0
2024-12-07 12:00:00,brooklyn,,,42.333333333333336
2024-12-07 12:00:00,manhattan,7.0,17.5,35.0
2024-12-07 12:00:00,queens,,19.0,45.333333333333336
2024-12-07 12:00:00,staten_island,5.0,,32.666666666666664
2024-12-07 13:00:00,bronx,,20.5,35.333333333333336
2024-12-07 13:00:00,brooklyn,,,42.666666666666664
2024-12-07 13:00:00,manhattan,7.0,20.0,33.8
2024-12-07 13:00:00,queens,,20.0,45.666666666666664
2024-12-07 13:00:00,staten_island,4.0,,33.333333333333336
2024-12-07 14:00:00,bronx,,20.5,32.0
2024-12-07 14:00:00,brooklyn,,,39.0
2024-12-07 14:00:00,manhattan,8.0,21.0,31.8
2024-12-07 14:00:00,queens,,22.0,41.333333333333336
2024-12-07 14:00:00,staten_island,4.0,,32.0
2024-12-07 15:00:00,bronx,,20.5,31.666666666666668
2024-12-07 15:00:00,brooklyn,,,36.666666666666664
2024-12-07 15:00:00,manhattan,8.0,21.0,30.8
2024-12-07 15:00:00,queens,,21.0,38.0
2024-12-07 15:00:00,staten_island,5.0,,34.333333333333336
2024-12-07 16:00:00,bronx,,20.0,31.333333333333332
2024-12-07 16:00:00,brooklyn,,,37.0
2024-12-07 16:00:00,manhattan,10.0,20.0,31.0
2024-12-07 16:00:00,queens,,21.0,38.666666666666664
2024-12-07 16:00:00,staten_island,7.0,,32.666666666666664
2024-12-07 17:00:00,bronx,,19.0,30.333333333333332
2024-12-07 17:00:00,brooklyn,,,38.333333333333336
2024-12-07 17:00:00,manhattan,12.0,19.5,31.0
2024-12-07 17:00:00,queens,,21.0,38.666666666666664
2024-12-07 17:00:00,staten_island,8.0,,34.666666666666664
2024-12-07 18:00:00,bronx,,17.5,33.333333333333336
2024-12-07 18:00:00,brooklyn,,,49.666666666666664
2024-12-07 18:00:00,manhattan,13.0,17.5,32.8
2024-12-07 18:00:00,queens,,19.0,48.666666666666664
2024-12-07 18:00:00,staten_island,8.0,,36.666666666666664
2024-12-07 19:00:00,bronx,,14.0,39.0
2024-12-07 19:00:00,brooklyn,,,50.666666666666664
2024-12-07 19:00:00,manhattan,12.0,13.5,40.6
2024-12-07 19:00:00,queens,,15.0,52.666666666666664
2024-12-07 19:00:00,staten_island,8.0,,33.666666666666664
2024-12-07 20:00:00,bronx,,11.0,43.666666666666664
2024-12-07 20:00:00,brooklyn,,,50.0
2024-12-07 20:00:00,manhattan,14.0,10.0,44.4
2024-12-07 20:00:00,queens,,15.0,51.666666666666664
2024-12-07 20:00:00,staten_island,8.0,,34.666666666666664
2024-12-07 21:00:00,bronx,,9.0,47.0
2024-12-07 21:00:00,brooklyn,,,49.333333333333336
2024-12-07 21:00:00,manhattan,20.0,9.0,47.8
2024-12-07 21:00:00,queens,,12.0,50.666666666666664
2024-12-07 21:00:00,staten_island,12.0,,39.666666666666664
2024-12-07 22:00:00,bronx,,10.0,46.666666666666664
2024-12-07 22:00:00,brooklyn,,,48.0
2024-12-07 22:00:00,manhattan,19.0,9.5,47.0
2024-12-07 22:00:00,queens,,12.0,49.0
2024-12-07 22:00:00,staten_island,16.0,,40.333333333333336
2024-12-07 23:00:00,bronx,,14.5,40.666666666666664
2024-12-07 23:00:00,brooklyn,,,42.666666666666664
2024-12-07 23:00:00,manhattan,15.0,13.5,40.0
2024-12-07 23:00:00,queens,,15.0,44.666666666666664
2024-12-07 23:00:00,staten_island,10.0,,35.0
2024-12-08 00:00:00,bronx,,17.0,34.666666666666664
2024-12-08 00:00:00,brooklyn,,,37.0
2024-12-08 00:00:00,manhattan,,16.5,32.2
2024-12-08 00:00:00,queens,,18.0,39.333333333333336
2024-12-08 00:00:00,staten_island,8.0,,31.333333333333332
2024-12-08 01:00:00,bronx,,17.5,31.333333333333332
2024-12-08 01:00:00,brooklyn,,,32.0
2024-12-08 01:00:00,manhattan,,16.5,29.4
2024-12-08 01:00:00,queens,,19.0,33.0
2024-12-08 01:00:00,staten_island,,,27.0
2024-12-08 02:00:00,bronx,,17.5,30.0
2024-12-08 02:00:00,brooklyn,,,30.0
2024-12-08 02:00:00,manhattan,,17.5,29.8
2024-12-08 02:00:00,queens,,19.0,31.0
2024-12-08 02:00:00,staten_island,,,26.666666666666668
2024-12-08 03:00:00,bronx,,15.5,27.333333333333332
2024-12-08 03:00:00,brooklyn,,,26.666666666666668
2024-12-08 03:00:00,manhattan,,16.5,27.6
2024-12-08 03:00:00,queens,,20.0,28.0
2024-12-08 03:00:00,staten_island,,,21.333333333333332
2024-12-08 04:00:00,bronx,,16.5,26.0
2024-12-08 04:00:00,brooklyn,,,25.0
2024-12-08 04:00:00,manhattan,13.0,17.0,25.2
2024-12-08 04:00:00,queens,,22.0,26.333333333333332
2024-12-08 04:00:00,staten_island,10.0,,22.666666666666668
2024-12-08 05:00:00,bronx,,18.5,27.333333333333332
2024-12-08 05:00:00,brooklyn,,,25.666666666666668
2024-12-08 05:00:00,manhattan,15.0,18.5,27.6
2024-12-08 05:00:00,queens,,22.0,26.666666666666668
2024-12-08 05:00:00,staten_island,10.0,,23.0
2024-12-08 06:00:00,bronx,,17.5,29.0
2024-12-08 06:00:00,brooklyn,,,25.333333333333332
2024-12-08 06:00:00,manhattan,16.0,17.5,29.0
2024-12-08 06:00:00,queens,,22.0,26.666666666666668
2024-12-08 06:00:00,staten_island,11.0,,22.666666666666668
2024-12-08 07:00:00,bronx,,17.0,31.666666666666668
2024-12-08 07:00:00,brooklyn,,,30.333333333333332
2024-12-08 07:00:00,manhattan,15.0,17.0,32.8
2024-12-08 07:00:00,queens,,20.0,31.333333333333332
2024-12-08 07:00:00,staten_island,13.0,,26.666666666666668
2024-12-08 08:00:00,bronx,,17.0,31.0
2024-12-08 08:00:00,brooklyn,,,33.333333333333336
2024-12-08 08:00:00,manhattan,15.0,17.0,32.2
2024-12-08 08:00:00,queens,,20.0,34.666666666666664
2024-12-08 08:00:00,staten_island,12.0,,27.666666666666668
2024-12-08 09:00:00,bronx,,17.0,34.666666666666664
2024-12-08 09:00:00,brooklyn,,,36.0
2024-12-08 09:00:00,manhattan,13.0,17.0,34.0
2024-12-08 09:00:00,queens,,21.0,37.666666666666664
2024-12-08 09:00:00,staten_island,9.0,,26.0
2024-12-08 10:00:00,bronx,,18.5,37.333333333333336
2024-12-08 10:00:00,brooklyn,,,37.333333333333336
2024-12-08 10:00:00,manhattan,10.0,16.5,35.6
2024-12-08 10:00:00,queens,,21.0,39.666666666666664
2024-12-08 10:00:00,staten_island,6.0,,25.0
2024-12-08 11:00:00,bronx,,21.0,38.0
2024-12-08 11:00:00,brooklyn,,,37.333333333333336
2024-12-08 11:00:00,manhattan,6.0,20.0,40.4
2024-12-08 11:00:00,queens,,20.0,39.666666666666664
2024-12-08 11:00:00,staten_island,4.0,,27.333333333333332
2024-12-08 12:00:00,bronx,,22.5,36.333333333333336
2024-12-08 12:00:00,brooklyn,,,40.0
2024-12-08 12:00:00,manhattan,5.0,22.5,38.8
2024-12-08 12:00:00,queens,,23.0,42.0
2024-12-08 12:00:00,staten_island,3.0,,29.666666666666668
2024-12-08 13:00:00,bronx,,23.5,38.666666666666664
2024-12-08 13:00:00,brooklyn,,,40.666666666666664
2024-12-08 13:00:00,manhattan,5.0,23.0,40.4
2024-12-08 13:00:00,queens,,26.0,43.0
2024-12-08 13:00:00,staten_island,4.0,,30.333333333333332
2024-12-08 14:00:00,bronx,,23.5,39.0
2024-12-08 14:00:00,brooklyn,,,42.0
2024-12-08 14:00:00,manhattan,6.0,22.5,41.6
2024-12-08 14:00:00,queens,,26.0,44.666666666666664
2024-12-08 14:00:00,staten_island,5.0,,32.333333333333336
2024-12-08 15:00:00,bronx,,23.5,41.666666666666664
2024-12-08 15:00:00,brooklyn,,,43.666666666666664
2024-12-08 15:00:00,manhattan,8.0,23.5,43.8
2024-12-08 15:00:00,queens,,24.0,45.666666666666664
2024-12-08 15:00:00,staten_island,7.0,,35.0
2024-12-08 16:00:00,bronx,,20.0,45.0
2024-12-08 16:00:00,brooklyn,,,46.666666666666664
2024-12-08 16:00:00,manhattan,13.0,20.5,46.8
2024-12-08 16:00:00,queens,,24.0,48.666666666666664
2024-12-08 16:00:00,staten_island,7.0,,31.0
2024-12-08 17:00:00,bronx,,17.0,48.0
2024-12-08 17:00:00,brooklyn,,,49.666666666666664
2024-12-08 17:00:00,manhattan,24.0,18.5,49.8
2024-12-08 17:00:00,queens,,21.0,52.666666666666664
2024-12-08 17:00:00,staten_island,16.0,,46.0
2024-12-08 18:00:00,bronx,,13.0,53.333333333333336
2024-12-08 18:00:00,brooklyn,,,52.333333333333336
2024-12-08 18:00:00,manhattan,26.0,15.5,55.0
2024-12-08 18:00:00,queens,,18.0,55.333333333333336
2024-12-08 18:00:00,staten_island,25.0,,46.333333333333336
2024-12-08 19:00:00,bronx,,13.0,54.666666666666664
2024-12-08 19:00:00,brooklyn,,,56.333333333333336
2024-12-08 19:00:00,manhattan,26.0,16.5,56.0
2024-12-08 19:00:00,queens,,15.0,58.333333333333336
2024-12-08 19:00:00,staten_island,32.0,,48.333333333333336
2024-12-08 20:00:00,bronx,,12.0,53.666666666666664
2024-12-08 20:00:00,brooklyn,,,62.666666666666664
2024-12-08 20:00:00,manhattan,30.0,14.0,55.8
2024-12-08 20:00:00,queens,,14.0,63.333333333333336
2024-12-08 20:00:00,staten_island,30.0,,55.0
2024-12-08 21:00:00,bronx,,7.5,54.0
2024-12-08 21:00:00,brooklyn,,,62.666666666666664
2024-12-08 21:00:00,manhattan,35.0,6.5,56.4
2024-12-08 21:00:00,queens,,14.0,62.666666666666664
2024-12-08 21:00:00,staten_island,30.0,,56.0
2024-12-08 22:00:00,bronx,,8.0,54.666666666666664
2024-12-08 22:00:00,brooklyn,,,63.0
2024-12-08 22:00:00,manhattan,30.0,6.5,57.8
2024-12-08 22:00:00,queens,,6.0,63.333333333333336
2024-12-08 22:00:00,staten_island,30.0,,58.0
2024-12-08 23:00:00,bronx,,6.0,54.666666666666664
2024-12-08 23:00:00,brooklyn,,,61.333333333333336
2024-12-08 23:00:00,manhattan,31.0,7.0,56.6
2024-12-08 23:00:00,queens,,6.0,61.666666666666664
2024-12-08 23:00:00,staten_island,35.0,,57.333333333333336
2024-12-09 00:00:00,bronx,,6.0,54.333333333333336
2024-12-09 00:00:00,brooklyn,,,61.333333333333336
2024-12-09 00:00:00,manhattan,32.0,7.5,55.4
2024-12-09 00:00:00,queens,,6.0,60.666666666666664
2024-12-09 00:00:00,staten_island,37.0,,57.333333333333336
2024-12-09 01:00:00,bronx,,4.0,55.666666666666664
2024-12-09 01:00:00,brooklyn,,,63.0
2024-12-09 01:00:00,manhattan,35.0,5.0,55.6
2024-12-09 01:00:00,queens,,3.0,63.0
2024-12-09 01:00:00,staten_island,39.0,,58.333333333333336
2024-12-09 02:00:00,bronx,,4.5,58.333333333333336
2024-12-09 02:00:00,brooklyn,,,64.66666666666667
2024-12-09 02:00:00,manhattan,39.0,3.5,57.6
2024-12-09 02:00:00,queens,,5.0,65.0
2024-12-09 02:00:00,staten_island,37.0,,59.0
2024-12-09 03:00:00,bronx,,4.0,60.666666666666664
2024-12-09 03:00:00,brooklyn,,,66.0
2024-12-09 03:00:00,manhattan,35.0,2.5,59.2
2024-12-09 03:00:00,queens,,2.0,66.33333333333333
2024-12-09 03:00:00,staten_island,41.0,,57.333333333333336
2024-12-09 04:00:00,bronx,,2.0,61.333333333333336
2024-12-09 04:00:00,brooklyn,,,67.0
2024-12-09 04:00:00,manhattan,43.0,2.0,60.4
2024-12-09 04:00:00,queens,,2.0,67.33333333333333
2024-12-09 04:00:00,staten_island,46.0,,58.0
2024-12-09 05:00:00,bronx,,0.0,64.0
2024-12-09 05:00:00,brooklyn,,,63.333333333333336
2024-12-09 05:00:00,manhattan,42.0,0.5,63.0
2024-12-09 05:00:00,queens,,1.0,64.0
2024-12-09 05:00:00,staten_island,56.0,,59.333333333333336
2024-12-09 06:00:00,bronx,,0.5,64.66666666666667
2024-12-09 06:00:00,brooklyn,,,61.666666666666664
2024-12-09 06:00:00,manhattan,40.0,1.0,64.6
2024-12-09 06:00:00,queens,,1.0,62.0
2024-12-09 06:00:00,staten_island,63.0,,62.0
2024-12-09 07:00:00,bronx,,2.5,62.0
2024-12-09 07:00:00,brooklyn,,,60.333333333333336
2024-12-09 07:00:00,manhattan,38.0,2.5,62.2
2024-12-09 07:00:00,queens,,3.0,60.666666666666664
2024-12-09 07:00:00,staten_island,66.0,,65.66666666666667
2024-12-09 08:00:00,bronx,,5.0,62.0
2024-12-09 08:00:00,brooklyn,,,60.666666666666664
2024-12-09 08:00:00,manhattan,42.0,5.0,61.8
2024-12-09 08:00:00,queens,,5.0,61.333333333333336
2024-12-09 08:00:00,staten_island,82.0,,70.0
2024-12-09 09:00:00,bronx,,6.0,59.666666666666664
2024-12-09 09:00:00,brooklyn,,,59.333333333333336
2024-12-09 09:00:00,manhattan,38.0,5.5,61.6
2024-12-09 09:00:00,queens,,6.0,60.0
2024-12-09 09:00:00,staten_island,69.0,,68.33333333333333
2024-12-09 10:00:00,bronx,,5.0,57.0
2024-12-09 10:00:00,brooklyn,,,57.333333333333336
2024-12-09 10:00:00,manhattan,32.0,4.5,59.4
2024-12-09 10:00:00,queens,,7.0,57.333333333333336
2024-12-09 10:00:00,staten_island,,,65.33333333333333
2024-12-09 11:00:00,bronx,,3.5,54.333333333333336
2024-12-09 11:00:00,brooklyn,,,52.333333333333336
2024-12-09 11:00:00,manhattan,32.0,3.5,56.4
2024-12-09 11:00:00,queens,,15.0,52.0
2024-12-09 11:00:00,staten_island,25.0,,53.0
2024-12-09 12:00:00,bronx,,5.0,52.0
2024-12-09 12:00:00,brooklyn,,,51.0
2024-12-09 12:00:00,manhattan,29.0,4.0,53.6
2024-12-09 12:00:00,queens,,16.0,50.333333333333336
2024-12-09 12:00:00,staten_island,26.0,,48.666666666666664
2024-12-09 13:00:00,bronx,,5.5,51.0
2024-12-09 13:00:00,brooklyn,,,51.0
2024-12-09 13:00:00,manhattan,27.0,3.5,53.8
2024-12-09 13:00:00,queens,,17.0,50.0
2024-12-09 13:00:00,staten_island,31.0,,46.333333333333336
2024-12-09 14:00:00,bronx,,6.0,50.666666666666664
2024-12-09 14:00:00,brooklyn,,,51.0
2024-12-09 14:00:00,manhattan,23.0,4.0,53.4
2024-12-09 14:00:00,queens,,19.0,49.0
2024-12-09 14:00:00,staten_island,32.0,,45.666666666666664
2024-12-09 15:00:00,bronx,,7.5,50.0
2024-12-09 15:00:00,brooklyn,,,54.333333333333336
2024-12-09 15:00:00,manhattan,22.0,4.5,52.2
2024-12-09 15:00:00,queens,,16.0,52.666666666666664
2024-12-09 15:00:00,staten_island,35.0,,51.333333333333336
2024-12-09 16:00:00,bronx,,9.5,45.666666666666664
2024-12-09 16:00:00,brooklyn,,,56.333333333333336
2024-12-09 16:00:00,manhattan,24.0,6.5,49.6
2024-12-09 16:00:00,queens,,12.0,55.333333333333336
2024-12-09 16:00:00,staten_island,36.0,,55.666666666666664
2024-12-09 17:00:00,bronx,,11.5,46.666666666666664
2024-12-09 17:00:00,brooklyn,,,59.0
2024-12-09 17:00:00,manhattan,21.0,7.5,50.2
2024-12-09 17:00:00,queens,,10.0,57.666666666666664
2024-12-09 17:00:00,staten_island,30.0,,59.333333333333336
2024-12-09 18:00:00,bronx,,9.5,47.333333333333336
2024-12-09 18:00:00,brooklyn,,,60.333333333333336
2024-12-09 18:00:00,manhattan,25.0,5.5,51.0
2024-12-09 18:00:00,queens,,9.0,58.333333333333336
2024-12-09 18:00:00,staten_island,25.0,,59.333333333333336
2024-12-09 19:00:00,bronx,,11.0,48.0
2024-12-09 19:00:00,brooklyn,,,62.333333333333336
2024-12-09 19:00:00,manhattan,28.0,6.0,52.8
2024-12-09 19:00:00,queens,,7.0,60.333333333333336
2024-12-09 19:00:00,staten_island,26.0,,59.0
2024-12-09 20:00:00,bronx,,8.0,52.0
2024-12-09 20:00:00,brooklyn,,,64.66666666666667
2024-12-09 20:00:00,manhattan,31.0,5.0,56.4
2024-12-09 20:00:00,queens,,7.0,61.0
2024-12-09 20:00:00,staten_island,25.0,,58.0
2024-12-09 21:00:00,bronx,,5.5,58.333333333333336
2024-12-09 21:00:00,brooklyn,,,67.0
2024-12-09 21:00:00,manhattan,32.0,3.5,60.6
2024-12-09 21:00:00,queens,,2.0,62.666666666666664
2024-12-09 21:00:00,staten_island,25.0,,59.333333333333336
2024-12-09 22:00:00,bronx,,4.0,61.333333333333336
2024-12-09 22:00:00,brooklyn,,,69.33333333333333
2024-12-09 22:00:00,manhattan,32.0,3.0,62.0
2024-12-09 22:00:00,queens,,1.0,65.33333333333333
2024-12-09 22:00:00,staten_island,24.0,,60.333333333333336
2024-12-09 23:00:00,bronx,,6.5,60.333333333333336
2024-12-09 23:00:00,brooklyn,,,69.66666666666667
2024-12-09 23:00:00,manhattan,31.0,3.0,62.6
2024-12-09 23:00:00,queens,,2.0,66.33333333333333
2024-12-09 23:00:00,staten_island,25.0,,60.333333333333336
2024-12-10 00:00:00,bronx,,9.0,58.0
2024-12-10 00:00:00,brooklyn,,,68.66666666666667
2024-12-10 00:00:00,manhattan,25.0,4.0,60.4
2024-12-10 00:00:00,queens,,6.0,65.66666666666667
2024-12-10 00:00:00,staten_island,28.0,,62.333333333333336
2024-12-10 01:00:00,bronx,,9.0,57.333333333333336
2024-12-10 01:00:00,brooklyn,,,68.66666666666667
2024-12-10 01:00:00,manhattan,17.0,7.5,59.4
2024-12-10 01:00:00,queens,,3.0,66.33333333333333
2024-12-10 01:00:00,staten_island,25.0,,64.66666666666667
2024-12-10 02:00:00,bronx,,9.5,57.333333333333336
2024-12-10 02:00:00,brooklyn,,,68.33333333333333
2024-12-10 02:00:00,manhattan,15.0,6.5,57.8
2024-12-10 02:00:00,queens,,4.0,67.33333333333333
2024-12-10 02:00:00,staten_island,25.0,,65.33333333333333
2024-12-10 03:00:00,bronx,,9.5,58.0
2024-12-10 03:00:00,brooklyn,,,68.66666666666667
2024-12-10 03:00:00,manhattan,16.0,7.0,58.0
2024-12-10 03:00:00,queens,,7.0,67.33333333333333
2024-12-10 03:00:00,staten_island,25.0,,66.0
2024-12-10 04:00:00,bronx,,9.5,57.333333333333336
2024-12-10 04:00:00,brooklyn,,,67.33333333333333
2024-12-10 04:00:00,manhattan,14.0,7.5,57.2
2024-12-10 04:00:00,queens,,6.0,66.0
2024-12-10 04:00:00,staten_island,29.0,,67.66666666666667
2024-12-10 05:00:00,bronx,,8.0,56.333333333333336
2024-12-10 05:00:00,brooklyn,,,68.0
2024-12-10 05:00:00,manhattan,16.0,7.0,56.4
2024-12-10 05:00:00,queens,,6.0,65.66666666666667
2024-12-10 05:00:00,staten_island,23.0,,69.0
2024-12-10 06:00:00,bronx,,7.5,52.0
2024-12-10 06:00:00,brooklyn,,,67.0
2024-12-10 06:00:00,manhattan,18.0,7.0,53.8
2024-12-10 06:00:00,queens,,6.0,64.0
2024-12-10 06:00:00,staten_island,21.0,,70.33333333333333
2024-12-10 07:00:00,bronx,,8.0,48.0
2024-12-10 07:00:00,brooklyn,,,67.33333333333333
2024-12-10 07:00:00,manhattan,15.0,6.5,50.6
2024-12-10 07:00:00,queens,,6.0,63.333333333333336
2024-12-10 07:00:00,staten_island,24.0,,70.66666666666667
2024-12-10 08:00:00,bronx,,10.0,43.0
2024-12-10 08:00:00,brooklyn,,,66.0
2024-12-10 08:00:00,manhattan,15.0,7.0,46.0
2024-12-10 08:00:00,queens,,7.0,60.333333333333336
2024-12-10 08:00:00,staten_island,24.0,,70.66666666666667
2024-12-10 09:00:00,bronx,,9.5,40.666666666666664
2024-12-10 09:00:00,brooklyn,,,64.0
2024-12-10 09:00:00,manhattan,19.0,6.5,42.0
2024-12-10 09:00:00,queens,,6.0,58.333333333333336
2024-12-10 09:00:00,staten_island,25.0,,69.66666666666667
2024-12-10 10:00:00,bronx,,9.0,41.666666666666664
2024-12-10 10:00:00,brooklyn,,,66.0
2024-12-10 10:00:00,manhattan,18.0,6.0,43.0
2024-12-10 10:00:00,queens,,8.0,61.333333333333336
2024-12-10 10:00:00,staten_island,23.0,,68.66666666666667
2024-12-10 11:00:00,bronx,,8.0,43.333333333333336
2024-12-10 11:00:00,brooklyn,,,59.666666666666664
2024-12-10 11:00:00,manhattan,17.0,6.0,43.2
2024-12-10 11:00:00,queens,,6.0,57.0
2024-12-10 11:00:00,staten_island,22.0,,59.333333333333336
2024-12-10 12:00:00,bronx,,8.0,41.333333333333336
2024-12-10 12:00:00,brooklyn,,,58.0
2024-12-10 12:00:00,manhattan,16.0,6.0,41.8
2024-12-10 12:00:00,queens,,6.0,56.666666666666664
2024-12-10 12:00:00,staten_island,22.0,,55.333333333333336
2024-12-10 13:00:00,bronx,,7.5,37.666666666666664
2024-12-10 13:00:00,brooklyn,,,58.666666666666664
2024-12-10 13:00:00,manhattan,16.0,5.0,37.8
2024-12-10 13:00:00,queens,,4.0,56.666666666666664
2024-12-10 13:00:00,staten_island,22.0,,52.0
2024-12-10 14:00:00,bronx,,6.0,31.333333333333332
2024-12-10 14:00:00,brooklyn,,,56.666666666666664
2024-12-10 14:00:00,manhattan,20.0,5.0,32.4
2024-12-10 14:00:00,queens,,2.0,53.333333333333336
2024-12-10 14:00:00,staten_island,25.0,,54.0
2024-12-10 15:00:00,bronx,,6.5,23.666666666666668
2024-12-10 15:00:00,brooklyn,,,54.333333333333336
2024-12-10 15:00:00,manhattan,16.0,4.5,27.6
2024-12-10 15:00:00,queens,,2.0,48.333333333333336
2024-12-10 15:00:00,staten_island,25.0,,56.666666666666664
2024-12-10 16:00:00,bronx,,7.0,20.666666666666668
2024-12-10 16:00:00,brooklyn,,,54.333333333333336
2024-12-10 16:00:00,manhattan,16.0,4.5,25.0
2024-12-10 16:00:00,queens,,1.0,48.0
2024-12-10 16:00:00,staten_island,25.0,,58.0
2024-12-10 17:00:00,bronx,,7.0,23.666666666666668
2024-12-10 17:00:00,brooklyn,,,57.666666666666664
2024-12-10 17:00:00,manhattan,17.0,3.5,26.2
2024-12-10 17:00:00,queens,,4.0,53.333333333333336
2024-12-10 17:00:00,staten_island,25.0,,58.333333333333336
2024-12-10 18:00:00,bronx,,7.0,27.0
2024-12-10 18:00:00,brooklyn,,,59.666666666666664
2024-12-10 18:00:00,manhattan,18.0,4.0,27.0
2024-12-10 18:00:00,queens,,4.0,57.333333333333336
2024-12-10 18:00:00,staten_island,26.0,,58.666666666666664
2024-12-10 19:00:00,bronx,,8.0,34.0
2024-12-10 19:00:00,brooklyn,,,62.333333333333336
2024-12-10 19:00:00,manhattan,16.0,4.5,32.8
2024-12-10 19:00:00,queens,,6.0,61.333333333333336
2024-12-10 19:00:00,staten_island,27.0,,57.0
2024-12-10 20:00:00,bronx,,7.0,33.666666666666664
2024-12-10 20:00:00,brooklyn,,,61.0
2024-12-10 20:00:00,manhattan,15.0,4.0,31.2
2024-12-10 20:00:00,queens,,10.0,60.0
2024-12-10 20:00:00,staten_island,25.0,,55.333333333333336
2024-12-10 21:00:00,bronx,,7.0,29.0
2024-12-10 21:00:00,brooklyn,,,57.0
2024-12-10 21:00:00,manhattan,20.0,4.5,29.6
2024-12-10 21:00:00,queens,,14.0,55.333333333333336
2024-12-10 21:00:00,staten_island,19.0,,52.0
2024-12-10 22:00:00,bronx,,9.0,25.0
2024-12-10 22:00:00,brooklyn,,,55.333333333333336
2024-12-10 22:00:00,manhattan,20.0,5.0,23.0
2024-12-10 22:00:00,queens,,19.0,52.0
2024-12-10 22:00:00,staten_island,22.0,,50.0
2024-12-10 23:00:00,bronx,,9.5,20.666666666666668
2024-12-10 23:00:00,brooklyn,,,54.0
2024-12-10 23:00:00,manhattan,16.0,4.5,20.2
2024-12-10 23:00:00,queens,,19.0,51.666666666666664
2024-12-10 23:00:00,staten_island,26.0,,51.666666666666664
2024-12-11 00:00:00,bronx,,10.0,21.333333333333332
2024-12-11 00:00:00,brooklyn,,,55.0
2024-12-11 00:00:00,manhattan,16.0,5.0,20.8
2024-12-11 00:00:00,queens,,22.0,52.666666666666664
2024-12-11 00:00:00,staten_island,30.0,,51.666666666666664
2024-12-11 01:00:00,bronx,,9.0,23.666666666666668
2024-12-11 01:00:00,brooklyn,,,55.0
2024-12-11 01:00:00,manhattan,15.0,4.5,22.6
2024-12-11 01:00:00,queens,,19.0,53.0
2024-12-11 01:00:00,staten_island,26.0,,51.0
2024-12-11 02:00:00,bronx,,10.0,27.666666666666668
2024-12-11 02:00:00,brooklyn,,,53.666666666666664
2024-12-11 02:00:00,manhattan,18.0,3.0,26.8
2024-12-11 02:00:00,queens,,21.0,50.666666666666664
2024-12-11 02:00:00,staten_island,27.0,,45.666666666666664
2024-12-11 03:00:00,bronx,,7.0,34.333333333333336
2024-12-11 03:00:00,brooklyn,,,52.333333333333336
2024-12-11 03:00:00,manhattan,23.0,2.5,32.2
2024-12-11 03:00:00,queens,,19.0,51.333333333333336
2024-12-11 03:00:00,staten_island,30.0,,44.666666666666664
2024-12-11 04:00:00,bronx,,6.5,45.0
2024-12-11 04:00:00,brooklyn,,,50.666666666666664
2024-12-11 04:00:00,manhattan,28.0,5.0,38.8
2024-12-11 04:00:00,queens,,21.0,50.666666666666664
2024-12-11 04:00:00,staten_island,29.0,,46.666666666666664
2024-12-11 05:00:00,bronx,,12.0,47.333333333333336
2024-12-11 05:00:00,brooklyn,,,49.0
2024-12-11 05:00:00,manhattan,27.0,10.0,44.0
2024-12-11 05:00:00,queens,,26.0,48.666666666666664
2024-12-11 05:00:00,staten_island,24.0,,46.333333333333336
2024-12-11 06:00:00,bronx,,18.0,43.666666666666664
2024-12-11 06:00:00,brooklyn,,,41.666666666666664
2024-12-11 06:00:00,manhattan,21.0,15.5,44.2
2024-12-11 06:00:00,queens,,28.0,42.333333333333336
2024-12-11 06:00:00,staten_island,27.0,,61.333333333333336
2024-12-11 07:00:00,bronx,,16.5,35.0
2024-12-11 07:00:00,brooklyn,,,34.0
2024-12-11 07:00:00,manhattan,15.0,16.0,38.6
2024-12-11 07:00:00,queens,,29.0,36.333333333333336
2024-12-11 07:00:00,staten_island,29.0,,51.333333333333336
2024-12-11 08:00:00,bronx,,18.0,31.0
2024-12-11 08:00:00,brooklyn,,,30.666666666666668
2024-12-11 08:00:00,manhattan,13.0,17.0,33.4
2024-12-11 08:00:00,queens,,31.0,32.666666666666664
2024-12-11 08:00:00,staten_island,29.0,,41.666666666666664
2024-12-11 09:00:00,bronx,,21.0,30.333333333333332
2024-12-11 09:00:00,brooklyn,,,32.666666666666664
2024-12-11 09:00:00,manhattan,19.0,18.5,33.0
2024-12-11 09:00:00,queens,,30.0,33.333333333333336
2024-12-11 09:00:00,staten_island,30.0,,33.333333333333336
2024-12-11 10:00:00,bronx,,24.0,30.666666666666668
2024-12-11 10:00:00,brooklyn,,,33.666666666666664
2024-12-11 10:00:00,manhattan,18.0,22.5,31.4
2024-12-11 10:00:00,queens,,30.0,32.0
2024-12-11 10:00:00,staten_island,,,31.666666666666668
2024-12-11 11:00:00,bronx,,25.0,30.666666666666668
2024-12-11 11:00:00,brooklyn,,,34.666666666666664
2024-12-11 11:00:00,manhattan,13.0,23.0,30.0
2024-12-11 11:00:00,queens,,30.0,33.666666666666664
2024-12-11 11:00:00,staten_island,,,31.333333333333332
2024-12-11 12:00:00,bronx,,23.5,32.666666666666664
2024-12-11 12:00:00,brooklyn,,,35.666666666666664
2024-12-11 12:00:00,manhattan,15.0,20.5,31.6
2024-12-11 12:00:00,queens,,29.0,35.0
2024-12-11 12:00:00,staten_island,26.0,,30.0
2024-12-11 13:00:00,bronx,,25.5,25.666666666666668
2024-12-11 13:00:00,brooklyn,,,27.666666666666668
2024-12-11 13:00:00,manhattan,17.0,23.0,28.2
2024-12-11 13:00:00,queens,,31.0,24.666666666666668
2024-12-11 13:00:00,staten_island,26.0,,24.333333333333332
2024-12-11 14:00:00,bronx,,24.5,24.666666666666668
2024-12-11 14:00:00,brooklyn,,,27.666666666666668
2024-12-11 14:00:00,manhattan,13.0,23.0,25.2
2024-12-11 14:00:00,queens,,29.0,26.666666666666668
2024-12-11 14:00:00,staten_island,25.0,,18.0
2024-12-11 15:00:00,bronx,,22.5,28.666666666666668
2024-12-11 15:00:00,brooklyn,,,33.0
2024-12-11 15:00:00,manhattan,16.0,21.0,27.0
2024-12-11 15:00:00,queens,,31.0,31.0
2024-12-11 15:00:00,staten_island,25.0,,15.0
2024-12-11 16:00:00,bronx,,23.5,26.666666666666668
2024-12-11 16:00:00,brooklyn,,,32.0
2024-12-11 16:00:00,manhattan,16.0,22.5,27.6
2024-12-11 16:00:00,queens,,31.0,29.333333333333332
2024-12-11 16:00:00,staten_island,25.0,,12.666666666666666
2024-12-11 17:00:00,bronx,,25.5,30.333333333333332
2024-12-11 17:00:00,brooklyn,,,39.666666666666664
2024-12-11 17:00:00,manhattan,12.0,23.5,29.6
2024-12-11 17:00:00,queens,,30.0,37.0
2024-12-11 17:00:00,staten_island,25.0,,17.666666666666668
2024-12-11 18:00:00,bronx,,27.5,31.333333333333332
2024-12-11 18:00:00,brooklyn,,,40.333333333333336
2024-12-11 18:00:00,manhattan,12.0,24.0,31.4
2024-12-11 18:00:00,queens,,32.0,40.0
2024-12-11 18:00:00,staten_island,24.0,,19.333333333333332
2024-12-11 19:00:00,bronx,,17.5,24.333333333333332
2024-12-11 19:00:00,brooklyn,,,40.0
2024-12-11 19:00:00,manhattan,13.0,15.5,24.0
2024-12-11 19:00:00,queens,,26.0,41.666666666666664
2024-12-11 19:00:00,staten_island,17.0,,17.0
2024-12-11 20:00:00,bronx,,18.5,22.333333333333332
2024-12-11 20:00:00,brooklyn,,,34.333333333333336
2024-12-11 20:00:00,manhattan,10.0,17.5,21.4
2024-12-11 20:00:00,queens,,19.0,34.666666666666664
2024-12-11 20:00:00,staten_island,11.0,,16.666666666666668
2024-12-11 21:00:00,bronx,,18.0,20.0
2024-12-11 21:00:00,brooklyn,,,29.0
2024-12-11 21:00:00,manhattan,9.0,17.0,20.4
2024-12-11 21:00:00,queens,,18.0,29.666666666666668
2024-12-11 21:00:00,staten_island,9.0,,13.333333333333334
2024-12-11 22:00:00,bronx,,15.0,18.666666666666668
2024-12-11 22:00:00,brooklyn,,,24.666666666666668
2024-12-11 22:00:00,manhattan,7.0,14.5,22.4
2024-12-11 22:00:00,queens,,15.0,25.0
2024-12-11 22:00:00,staten_island,8.0,,12.666666666666666
2024-12-11 23:00:00,bronx,,14.5,15.0
2024-12-11 23:00:00,brooklyn,,,18.666666666666668
2024-12-11 23:00:00,manhattan,8.0,15.0,17.8
2024-12-11 23:00:00,queens,,14.0,18.666666666666668
2024-12-11 23:00:00,staten_island,7.0,,11.0
2024-12-12 00:00:00,bronx,,16.0,16.0
2024-12-12 00:00:00,brooklyn,,,17.333333333333332
2024-12-12 00:00:00,manhattan,8.0,18.0,18.0
2024-12-12 00:00:00,queens,,18.0,17.666666666666668
2024-12-12 00:00:00,staten_island,7.0,,10.333333333333334
2024-12-12 01:00:00,bronx,,17.5,18.333333333333332
2024-12-12 01:00:00,brooklyn,,,19.333333333333332
2024-12-12 01:00:00,manhattan,6.0,18.5,19.2
2024-12-12 01:00:00,queens,,22.0,19.666666666666668
2024-12-12 01:00:00,staten_island,8.0,,13.333333333333334
2024-12-12 02:00:00,bronx,,18.5,21.0
2024-12-12 02:00:00,brooklyn,,,25.0
2024-12-12 02:00:00,manhattan,7.0,19.0,21.8
2024-12-12 02:00:00,queens,,23.0,24.666666666666668
2024-12-12 02:00:00,staten_island,10.0,,17.666666666666668
2024-12-12 03:00:00,bronx,,21.0,23.666666666666668
2024-12-12 03:00:00,brooklyn,,,29.333333333333332
2024-12-12 03:00:00,manhattan,9.0,21.0,23.4
2024-12-12 03:00:00,queens,,22.0,29.0
2024-12-12 03:00:00,staten_island,11.0,,24.0
2024-12-12 04:00:00,bronx,,22.5,28.666666666666668
2024-12-12 04:00:00,brooklyn,,,33.666666666666664
2024-12-12 04:00:00,manhattan,6.0,23.0,27.8
2024-12-12 04:00:00,queens,,21.0,34.0
2024-12-12 04:00:00,staten_island,12.0,,27.0
2024-12-12 05:00:00,bronx,,22.5,32.0
2024-12-12 05:00:00,brooklyn,,,36.666666666666664
2024-12-12 05:00:00,manhattan,7.0,22.0,30.8
2024-12-12 05:00:00,queens,,22.0,37.666666666666664
2024-12-12 05:00:00,staten_island,15.0,,26.333333333333332
2024-12-12 06:00:00,bronx,,20.5,36.0
2024-12-12 06:00:00,brooklyn,,,39.333333333333336
2024-12-12 06:00:00,manhattan,14.0,19.0,33.8
2024-12-12 06:00:00,queens,,19.0,41.0
2024-12-12 06:00:00,staten_island,22.0,,31.0
2024-12-12 07:00:00,bronx,,18.0,38.0
2024-12-12 07:00:00,brooklyn,,,41.333333333333336
2024-12-12 07:00:00,manhattan,18.0,17.0,35.0
2024-12-12 07:00:00,queens,,18.0,42.666666666666664
2024-12-12 07:00:00,staten_island,24.0,,31.666666666666668
2024-12-12 08:00:00,bronx,,19.0,40.0
2024-12-12 08:00:00,brooklyn,,,45.0
2024-12-12 08:00:00,manhattan,15.0,17.0,36.4
2024-12-12 08:00:00,queens,,18.0,46.666666666666664
2024-12-12 08:00:00,staten_island,24.0,,31.666666666666668
2024-12-12 09:00:00,bronx,,18.5,42.666666666666664
2024-12-12 09:00:00,brooklyn,,,45.333333333333336
2024-12-12 09:00:00,manhattan,13.0,17.5,37.2
2024-12-12 09:00:00,queens,,20.0,47.666666666666664
2024-12-12 09:00:00,staten_island,23.0,,31.666666666666668
2024-12-12 10:00:00,bronx,,21.5,38.0
2024-12-12 10:00:00,brooklyn,,,39.0
2024-12-12 10:00:00,manhattan,8.0,20.5,33.0
2024-12-12 10:00:00,queens,,23.0,41.333333333333336
2024-12-12 10:00:00,staten_island,23.0,,28.333333333333332
2024-12-12 11:00:00,bronx,,24.5,29.666666666666668
2024-12-12 11:00:00,brooklyn,,,33.666666666666664
2024-12-12 11:00:00,manhattan,6.0,25.5,25.2
2024-12-12 11:00:00,queens,,26.0,35.333333333333336
2024-12-12 11:00:00,staten_island,19.0,,27.0
2024-12-12 12:00:00,bronx,,26.5,25.333333333333332
2024-12-12 12:00:00,brooklyn,,,31.333333333333332
2024-12-12 12:00:00,manhattan,7.0,28.0,23.2
2024-12-12 12:00:00,queens,,30.0,32.333333333333336
2024-12-12 12:00:00,staten_island,15.0,,-317.6666666666667
2024-12-12 13:00:00,bronx,,28.0,24.333333333333332
2024-12-12 13:00:00,brooklyn,,,27.666666666666668
2024-12-12 13:00:00,manhattan,7.0,28.5,23.8
2024-12-12 13:00:00,queens,,33.0,28.333333333333332
2024-12-12 13:00:00,staten_island,13.0,,18.333333333333332
2024-12-12 14:00:00,bronx,,31.0,26.666666666666668
2024-12-12 14:00:00,brooklyn,,,27.333333333333332
2024-12-12 14:00:00,manhattan,7.0,30.5,28.8
2024-12-12 14:00:00,queens,,33.0,28.333333333333332
2024-12-12 14:00:00,staten_island,13.0,,22.0
2024-12-12 15:00:00,bronx,,31.0,33.333333333333336
2024-12-12 15:00:00,brooklyn,,,33.0
2024-12-12 15:00:00,manhattan,8.0,31.5,32.8
2024-12-12 15:00:00,queens,,31.0,34.333333333333336
2024-12-12 15:00:00,staten_island,13.0,,23.666666666666668
2024-12-12 16:00:00,bronx,,29.0,39.0
2024-12-12 16:00:00,brooklyn,,,37.0
2024-12-12 16:00:00,manhattan,12.0,29.0,38.0
2024-12-12 16:00:00,queens,,29.0,39.666666666666664
2024-12-12 16:00:00,staten_island,14.0,,25.333333333333332
2024-12-12 17:00:00,bronx,,24.0,42.0
2024-12-12 17:00:00,brooklyn,,,39.666666666666664
2024-12-12 17:00:00,manhattan,14.0,26.0,42.6
2024-12-12 17:00:00,queens,,29.0,42.666666666666664
2024-12-12 17:00:00,staten_island,13.0,,26.0
2024-12-12 18:00:00,bronx,,26.5,41.333333333333336
2024-12-12 18:00:00,brooklyn,,,42.333333333333336
2024-12-12 18:00:00,manhattan,11.0,27.5,42.4
2024-12-12 18:00:00,queens,,28.0,45.333333333333336
2024-12-12 18:00:00,staten_island,15.0,,25.666666666666668
2024-12-12 19:00:00,bronx,,26.0,37.666666666666664
2024-12-12 19:00:00,brooklyn,,,43.0
2024-12-12 19:00:00,manhattan,11.0,29.5,39.6
2024-12-12 19:00:00,queens,,30.0,45.0
2024-12-12 19:00:00,staten_island,14.0,,26.666666666666668
2024-12-12 20:00:00,bronx,,28.0,33.333333333333336
2024-12-12 20:00:00,brooklyn,,,38.666666666666664
2024-12-12 20:00:00,manhattan,17.0,29.5,35.8
2024-12-12 20:00:00,queens,,28.0,40.333333333333336
2024-12-12 20:00:00,staten_island,13.0,,28.0
2024-12-12 21:00:00,bronx,,25.0,31.0
2024-12-12 21:00:00,brooklyn,,,36.666666666666664
2024-12-12 21:00:00,manhattan,17.0,26.0,33.6
2024-12-12 21:00:00,queens,,28.0,38.333333333333336
2024-12-12 21:00:00,staten_island,11.0,,20.333333333333332
2024-12-12 22:00:00,bronx,,25.5,30.333333333333332
2024-12-12 22:00:00,brooklyn,,,34.666666666666664
2024-12-12 22:00:00,manhattan,18.0,26.0,30.4
2024-12-12 22:00:00,queens,,26.0,35.666666666666664
2024-12-12 22:00:00,staten_island,11.0,,19.0
2024-12-12 23:00:00,bronx,,27.0,28.666666666666668
2024-12-12 23:00:00,brooklyn,,,31.333333333333332
2024-12-12 23:00:00,manhattan,16.0,26.0,28.6
2024-12-12 23:00:00,queens,,26.0,32.666666666666664
2024-12-12 23:00:00,staten_island,11.0,,19.0
2024-12-13 00:00:00,bronx,,26.5,27.666666666666668
2024-12-13 00:00:00,brooklyn,,,30.666666666666668
2024-12-13 00:00:00,manhattan,22.0,27.0,26.6
2024-12-13 00:00:00,queens,,25.0,31.333333333333332
2024-12-13 00:00:00,staten_island,14.0,,19.0
2024-12-13 01:00:00,bronx,,25.0,28.333333333333332
2024-12-13 01:00:00,brooklyn,,,32.0
2024-12-13 01:00:00,manhattan,18.0,25.0,27.6
2024-12-13 01:00:00,queens,,22.0,33.0
2024-12-13 01:00:00,staten_island,13.0,,19.666666666666668
2024-12-13 02:00:00,bronx,,22.5,28.333333333333332
2024-12-13 02:00:00,brooklyn,,,30.333333333333332
2024-12-13 02:00:00,manhattan,16.0,22.0,25.6
2024-12-13 02:00:00,queens,,23.0,31.666666666666668
2024-12-13 02:00:00,staten_island,16.0,,19.666666666666668
2024-12-13 03:00:00,bronx,,21.0,28.333333333333332
2024-12-13 03:00:00,brooklyn,,,28.333333333333332
2024-12-13 03:00:00,manhattan,12.0,19.5,26.0
2024-12-13 03:00:00,queens,,19.0,29.333333333333332
2024-12-13 03:00:00,staten_island,16.0,,18.333333333333332
2024-12-13 04:00:00,bronx,,21.0,27.0
2024-12-13 04:00:00,brooklyn,,,27.333333333333332
2024-12-13 04:00:00,manhattan,12.0,20.5,24.2
2024-12-13 04:00:00,queens,,20.0,28.0
2024-12-13 04:00:00,staten_island,17.0,,18.0
2024-12-13 05:00:00,bronx,,19.0,28.666666666666668
2024-12-13 05:00:00,brooklyn,,,28.666666666666668
2024-12-13 05:00:00,manhattan,13.0,19.5,26.8
2024-12-13 05:00:00,queens,,20.0,29.0
2024-12-13 05:00:00,staten_island,16.0,,19.0
2024-12-13 06:00:00,bronx,,17.5,29.333333333333332
2024-12-13 06:00:00,brooklyn,,,30.333333333333332
2024-12-13 06:00:00,manhattan,20.0,18.0,27.2
2024-12-13 06:00:00,queens,,20.0,30.666666666666668
2024-12-13 06:00:00,staten_island,17.0,,19.333333333333332
2024-12-13 07:00:00,bronx,,17.5,30.666666666666668
2024-12-13 07:00:00,brooklyn,,,32.0
2024-12-13 07:00:00,manhattan,17.0,16.0,30.4
2024-12-13 07:00:00,queens,,18.0,32.666666666666664
2024-12-13 07:00:00,staten_island,22.0,,20.333333333333332
2024-12-13 08:00:00,bronx,,19.0,32.666666666666664
2024-12-13 08:00:00,brooklyn,,,32.666666666666664
2024-12-13 08:00:00,manhattan,35.0,19.0,31.4
2024-12-13 08:00:00,queens,,22.0,33.0
2024-12-13 08:00:00,staten_island,21.0,,20.666666666666668
2024-12-13 09:00:00,bronx,,20.0,32.0
2024-12-13 09:00:00,brooklyn,,,33.0
2024-12-13 09:00:00,manhattan,25.0,19.5,31.2
2024-12-13 09:00:00,queens,,20.0,33.333333333333336
2024-12-13 09:00:00,staten_island,19.0,,21.333333333333332
2024-12-13 10:00:00,bronx,,20.0,30.666666666666668
2024-12-13 10:00:00,brooklyn,,,32.333333333333336
2024-12-13 10:00:00,manhattan,15.0,21.0,27.6
2024-12-13 10:00:00,queens,,22.0,33.0
2024-12-13 10:00:00,staten_island,19.0,,20.333333333333332
2024-12-13 11:00:00,bronx,,20.0,31.0
2024-12-13 11:00:00,brooklyn,,,33.0
2024-12-13 11:00:00,manhattan,12.0,21.5,25.8
2024-12-13 11:00:00,queens,,21.0,34.0
2024-12-13 11:00:00,staten_island,17.0,,20.666666666666668
2024-12-13 12:00:00,bronx,,24.5,29.666666666666668
2024-12-13 12:00:00,brooklyn,,,33.333333333333336
2024-12-13 12:00:00,manhattan,11.0,23.0,25.4
2024-12-13 12:00:00,queens,,22.0,34.666666666666664
2024-12-13 12:00:00,staten_island,17.0,,19.666666666666668
2024-12-13 13:00:00,bronx,,27.0,30.0
2024-12-13 13:00:00,brooklyn,,,33.666666666666664
2024-12-13 13:00:00,manhattan,11.0,26.0,26.4
2024-12-13 13:00:00,queens,,24.0,35.0
2024-12-13 13:00:00,staten_island,17.0,,22.333333333333332
2024-12-13 14:00:00,bronx,,26.0,30.0
2024-12-13 14:00:00,brooklyn,,,34.333333333333336
2024-12-13 14:00:00,manhattan,13.0,26.0,27.8
2024-12-13 14:00:00,queens,,24.0,35.333333333333336
2024-12-13 14:00:00,staten_island,18.0,,24.0
2024-12-13 15:00:00,bronx,,24.5,30.666666666666668
2024-12-13 15:00:00,brooklyn,,,35.0
2024-12-13 15:00:00,manhattan,24.0,26.0,28.0
2024-12-13 15:00:00,queens,,23.0,36.0
2024-12-13 15:00:00,staten_island,19.0,,26.666666666666668
2024-12-13 16:00:00,bronx,,22.0,31.0
2024-12-13 16:00:00,brooklyn,,,36.666666666666664
2024-12-13 16:00:00,manhattan,16.0,21.0,28.8
2024-12-13 16:00:00,queens,,22.0,38.0
2024-12-13 16:00:00,staten_island,21.0,,27.666666666666668
2024-12-13 17:00:00,bronx,,19.0,32.333333333333336
2024-12-13 17:00:00,brooklyn,,,38.0
2024-12-13 17:00:00,manhattan,24.0,20.0,30.6
2024-12-13 17:00:00,queens,,22.0,39.0
2024-12-13 17:00:00,staten_island,24.0,,28.333333333333332
2024-12-13 18:00:00,bronx,,19.0,33.0
2024-12-13 18:00:00,brooklyn,,,38.0
2024-12-13 18:00:00,manhattan,25.0,20.0,32.6
2024-12-13 18:00:00,queens,,21.0,39.0
2024-12-13 18:00:00,staten_island,25.0,,25.333333333333332
2024-12-13 19:00:00,bronx,,18.5,34.0
2024-12-13 19:00:00,brooklyn,,,39.333333333333336
2024-12-13 19:00:00,manhattan,27.0,19.0,31.8
2024-12-13 19:00:00,queens,,21.0,40.0
2024-12-13 19:00:00,staten_island,26.0,,25.666666666666668
2024-12-13 20:00:00,bronx,,18.0,34.0
2024-12-13 20:00:00,brooklyn,,,40.666666666666664
2024-12-13 20:00:00,manhattan,27.0,18.5,33.2
2024-12-13 20:00:00,queens,,19.0,41.333333333333336
2024-12-13 20:00:00,staten_island,29.0,,24.333333333333332
2024-12-13 21:00:00,bronx,,16.0,32.666666666666664
2024-12-13 21:00:00,brooklyn,,,41.666666666666664
2024-12-13 21:00:00,manhattan,24.0,16.5,34.2
2024-12-13 21:00:00,queens,,19.0,42.333333333333336
2024-12-13 21:00:00,staten_island,26.0,,24.333333333333332
2024-12-13 22:00:00,bronx,,15.0,29.666666666666668
2024-12-13 22:00:00,brooklyn,,,38.0
2024-12-13 22:00:00,manhattan,18.0,17.5,29.0
2024-12-13 22:00:00,queens,,19.0,37.333333333333336
2024-12-13 22:00:00,staten_island,25.0,,26.666666666666668
2024-12-13 23:00:00,bronx,,16.5,26.333333333333332
2024-12-13 23:00:00,brooklyn,,,32.666666666666664
2024-12-13 23:00:00,manhattan,22.0,17.0,24.8
2024-12-13 23:00:00,queens,,20.0,31.0
2024-12-13 23:00:00,staten_island,26.0,,26.666666666666668
2024-12-14 00:00:00,bronx,,15.5,24.666666666666668
2024-12-14 00:00:00,brooklyn,,,29.666666666666668
2024-12-14 00:00:00,manhattan,26.0,14.5,24.0
2024-12-14 00:00:00,queens,,19.0,27.666666666666668
2024-12-14 00:00:00,staten_island,28.0,,23.333333333333332
2024-12-14 01:00:00,bronx,,13.0,26.666666666666668
2024-12-14 01:00:00,brooklyn,,,28.333333333333332
2024-12-14 01:00:00,manhattan,33.0,10.0,28.2
2024-12-14 01:00:00,queens,,16.0,27.0
2024-12-14 01:00:00,staten_island,29.0,,30.0
2024-12-14 02:00:00,bronx,,11.0,28.666666666666668
2024-12-14 02:00:00,brooklyn,,,29.666666666666668
2024-12-14 02:00:00,manhattan,28.0,10.5,32.6
2024-12-14 02:00:00,queens,,12.0,28.666666666666668
2024-12-14 02:00:00,staten_island,29.0,,27.666666666666668
2024-12-14 03:00:00,bronx,,11.5,27.666666666666668
2024-12-14 03:00:00,brooklyn,,,29.333333333333332
2024-12-14 03:00:00,manhattan,24.0,11.5,31.8
2024-12-14 03:00:00,queens,,8.0,29.666666666666668
2024-12-14 03:00:00,staten_island,26.0,,28.0
2024-12-14 04:00:00,bronx,,7.5,28.333333333333332
2024-12-14 04:00:00,brooklyn,,,31.0
2024-12-14 04:00:00,manhattan,24.0,9.5,31.2
2024-12-14 04:00:00,queens,,8.0,31.0
2024-12-14 04:00:00,staten_island,26.0,,26.0
2024-12-14 05:00:00,bronx,,8.0,28.0
2024-12-14 05:00:00,brooklyn,,,34.0
2024-12-14 05:00:00,manhattan,30.0,8.5,30.8
2024-12-14 05:00:00,queens,,9.0,30.0
2024-12-14 05:00:00,staten_island,26.0,,23.666666666666668
2024-12-14 06:00:00,bronx,,8.5,27.666666666666668
2024-12-14 06:00:00,brooklyn,,,31.333333333333332
2024-12-14 06:00:00,manhattan,32.0,9.5,29.4
2024-12-14 06:00:00,queens,,9.0,29.666666666666668
2024-12-14 06:00:00,staten_island,27.0,,26.0
2024-12-14 07:00:00,bronx,,11.5,27.666666666666668
2024-12-14 07:00:00,brooklyn,,,30.0
2024-12-14 07:00:00,manhattan,28.0,13.5,28.6
2024-12-14 07:00:00,queens,,11.0,29.666666666666668
2024-12-14 07:00:00,staten_island,28.0,,26.0
2024-12-14 08:00:00,bronx,,13.0,26.666666666666668
2024-12-14 08:00:00,brooklyn,,,29.0
2024-12-14 08:00:00,manhattan,15.0,14.5,23.8
2024-12-14 08:00:00,queens,,14.0,29.333333333333332
2024-12-14 08:00:00,staten_island,30.0,,26.666666666666668
2024-12-14 09:00:00,bronx,,16.5,25.333333333333332
2024-12-14 09:00:00,brooklyn,,,26.333333333333332
2024-12-14 09:00:00,manhattan,17.0,17.5,20.8
2024-12-14 09:00:00,queens,,18.0,27.0
2024-12-14 09:00:00,staten_island,28.0,,29.666666666666668
2024-12-14 10:00:00,bronx,,19.5,24.0
2024-12-14 10:00:00,brooklyn,,,23.666666666666668
2024-12-14 10:00:00,manhattan,10.0,19.0,22.4
2024-12-14 10:00:00,queens,,19.0,23.666666666666668
2024-12-14 10:00:00,staten_island,25.0,,27.333333333333332
2024-12-14 11:00:00,bronx,,19.5,22.333333333333332
2024-12-14 11:00:00,brooklyn,,,22.0
2024-12-14 11:00:00,manhattan,8.0,19.0,19.6
2024-12-14 11:00:00,queens,,21.0,21.666666666666668
2024-12-14 11:00:00,staten_island,24.0,,23.0
2024-12-14 12:00:00,bronx,,20.0,24.0
2024-12-14 12:00:00,brooklyn,,,23.333333333333332
2024-12-14 12:00:00,manhattan,7.0,20.5,19.2
2024-12-14 12:00:00,queens,,23.0,22.333333333333332
2024-12-14 12:00:00,staten_island,22.0,,19.333333333333332
2024-12-14 13:00:00,bronx,,22.0,23.666666666666668
2024-12-14 13:00:00,brooklyn,,,26.666666666666668
2024-12-14 13:00:00,manhattan,7.0,23.0,22.8
2024-12-14 13:00:00,queens,,25.0,25.333333333333332
2024-12-14 13:00:00,staten_island,21.0,,19.0
2024-12-14 14:00:00,bronx,,21.5,23.666666666666668
2024-12-14 14:00:00,brooklyn,,,32.666666666666664
2024-12-14 14:00:00,manhattan,6.0,22.5,22.4
2024-12-14 14:00:00,queens,,26.0,31.0
2024-12-14 14:00:00,staten_island,19.0,,18.0
2024-12-14 15:00:00,bronx,,21.0,25.333333333333332
2024-12-14 15:00:00,brooklyn,,,34.666666666666664
2024-12-14 15:00:00,manhattan,8.0,22.0,24.0
2024-12-14 15:00:00,queens,,23.0,34.333333333333336
2024-12-14 15:00:00,staten_island,21.0,,17.333333333333332
2024-12-14 16:00:00,bronx,,20.0,27.0
2024-12-14 16:00:00,brooklyn,,,34.333333333333336
2024-12-14 16:00:00,manhattan,17.0,20.5,24.6
2024-12-14 16:00:00,queens,,20.0,35.666666666666664
2024-12-14 16:00:00,staten_island,24.0,,24.0
2024-12-14 17:00:00,bronx,,18.5,26.666666666666668
2024-12-14 17:00:00,brooklyn,,,34.333333333333336
2024-12-14 17:00:00,manhattan,19.0,19.5,24.2
2024-12-14 17:00:00,queens,,16.0,37.666666666666664
2024-12-14 17:00:00,staten_island,26.0,,22.0
2024-12-14 18:00:00,bronx,,16.0,27.0
2024-12-14 18:00:00,brooklyn,,,36.0
2024-12-14 18:00:00,manhattan,16.0,17.5,25.8
2024-12-14 18:00:00,queens,,16.0,38.666666666666664
2024-12-14 18:00:00,staten_island,29.0,,19.666666666666668
2024-12-14 19:00:00,bronx,,14.0,28.0
2024-12-14 19:00:00,brooklyn,,,39.0
2024-12-14 19:00:00,manhattan,17.0,14.0,28.0
2024-12-14 19:00:00,queens,,11.0,40.0
2024-12-14 19:00:00,staten_island,33.0,,21.666666666666668
2024-12-14 20:00:00,bronx,,11.5,28.666666666666668
2024-12-14 20:00:00,brooklyn,,,39.0
2024-12-14 20:00:00,manhattan,19.0,11.0,25.6
2024-12-14 20:00:00,queens,,8.0,40.333333333333336
2024-12-14 20:00:00,staten_island,34.0,,23.0
2024-12-14 21:00:00,bronx,,9.0,30.666666666666668
2024-12-14 21:00:00,brooklyn,,,39.333333333333336
2024-12-14 21:00:00,manhattan,18.0,10.5,26.8
2024-12-14 21:00:00,queens,,6.0,40.333333333333336
2024-12-14 21:00:00,staten_island,33.0,,26.0
2024-12-14 22:00:00,bronx,,6.5,33.666666666666664
2024-12-14 22:00:00,brooklyn,,,40.666666666666664
2024-12-14 22:00:00,manhattan,18.0,8.5,28.8
2024-12-14 22:00:00,queens,,8.0,41.0
2024-12-14 22:00:00,staten_island,32.0,,34.0
2024-12-14 23:00:00,bronx,,7.0,33.333333333333336
2024-12-14 23:00:00,brooklyn,,,38.333333333333336
2024-12-14 23:00:00,manhattan,20.0,8.0,31.4
2024-12-14 23:00:00,queens,,3.0,41.0
2024-12-14 23:00:00,staten_island,30.0,,33.0
2024-12-15 00:00:00,bronx,,6.5,32.666666666666664
2024-12-15 00:00:00,brooklyn,,,38.666666666666664
2024-12-15 00:00:00,manhattan,,7.5,31.8
2024-12-15 00:00:00,queens,,3.0,43.333333333333336
2024-12-15 00:00:00,staten_island,29.0,,33.666666666666664
2024-12-15 01:00:00,bronx,,6.0,33.666666666666664
2024-12-15 01:00:00,brooklyn,,,40.333333333333336
2024-12-15 01:00:00,manhattan,,5.5,33.8
2024-12-15 01:00:00,queens,,2.0,45.0
2024-12-15 01:00:00,staten_island,,,34.0
2024-12-15 02:00:00,bronx,,7.5,32.666666666666664
2024-12-15 02:00:00,brooklyn,,,43.0
2024-12-15 02:00:00,manhattan,,7.0,31.6
2024-12-15 02:00:00,queens,,2.0,46.666666666666664
2024-12-15 02:00:00,staten_island,,,37.666666666666664
2024-12-15 03:00:00,bronx,,5.0,31.333333333333332
2024-12-15 03:00:00,brooklyn,,,42.333333333333336
2024-12-15 03:00:00,manhattan,,4.5,31.0
2024-12-15 03:00:00,queens,,0.0,46.0
2024-12-15 03:00:00,staten_island,,,36.666666666666664
2024-12-15 04:00:00,bronx,,6.0,30.0
2024-12-15 04:00:00,brooklyn,,,40.333333333333336
2024-12-15 04:00:00,manhattan,28.0,5.0,28.8
2024-12-15 04:00:00,queens,,0.0,42.666666666666664
2024-12-15 04:00:00,staten_island,35.0,,31.0
2024-12-15 05:00:00,bronx,,5.5,30.666666666666668
2024-12-15 05:00:00,brooklyn,,,38.333333333333336
2024-12-15 05:00:00,manhattan,19.0,4.5,27.2
2024-12-15 05:00:00,queens,,2.0,39.666666666666664
2024-12-15 05:00:00,staten_island,34.0,,32.333333333333336
2024-12-15 06:00:00,bronx,,3.0,32.333333333333336
2024-12-15 06:00:00,brooklyn,,,36.333333333333336
2024-12-15 06:00:00,manhattan,21.0,2.0,29.6
2024-12-15 06:00:00,queens,,2.0,38.0
2024-12-15 06:00:00,staten_island,33.0,,26.666666666666668
2024-12-15 07:00:00,bronx,,4.0,33.666666666666664
2024-12-15 07:00:00,brooklyn,,,37.666666666666664
2024-12-15 07:00:00,manhattan,20.0,2.5,32.4
2024-12-15 07:00:00,queens,,4.0,39.666666666666664
2024-12-15 07:00:00,staten_island,30.0,,27.0
2024-12-15 08:00:00,bronx,,6.5,33.333333333333336
2024-12-15 08:00:00,brooklyn,,,39.333333333333336
2024-12-15 08:00:00,manhattan,16.0,5.5,30.8
2024-12-15 08:00:00,queens,,6.0,41.333333333333336
2024-12-15 08:00:00,staten_island,32.0,,28.333333333333332
2024-12-15 09:00:00,bronx,,9.0,33.0
2024-12-15 09:00:00,brooklyn,,,41.333333333333336
2024-12-15 09:00:00,manhattan,16.0,7.5,31.4
2024-12-15 09:00:00,queens,,8.0,43.0
2024-12-15 09:00:00,staten_island,26.0,,35.333333333333336
2024-12-15 10:00:00,bronx,,12.5,34.0
2024-12-15 10:00:00,brooklyn,,,41.666666666666664
2024-12-15 10:00:00,manhattan,13.0,12.0,31.2
2024-12-15 10:00:00,queens,,10.0,42.0
2024-12-15 10:00:00,staten_island,25.0,,35.0
2024-12-15 11:00:00,bronx,,16.0,31.0
2024-12-15 11:00:00,brooklyn,,,36.666666666666664
2024-12-15 11:00:00,manhattan,12.0,15.0,29.0
2024-12-15 11:00:00,queens,,15.0,36.0
2024-12-15 11:00:00,staten_island,27.0,,40.0
2024-12-15 12:00:00,bronx,,16.0,31.0
2024-12-15 12:00:00,brooklyn,,,39.666666666666664
2024-12-15 12:00:00,manhattan,12.0,15.0,31.4
2024-12-15 12:00:00,queens,,19.0,38.0
2024-12-15 12:00:00,staten_island,26.0,,46.0
2024-12-15 13:00:00,bronx,,16.0,31.0
2024-12-15 13:00:00,brooklyn,,,39.666666666666664
2024-12-15 13:00:00,manhattan,13.0,15.5,33.2
2024-12-15 13:00:00,queens,,22.0,37.666666666666664
2024-12-15 13:00:00,staten_island,25.0,,46.333333333333336
2024-12-15 14:00:00,bronx,,16.5,31.0
2024-12-15 14:00:00,brooklyn,,,32.333333333333336
2024-12-15 14:00:00,manhattan,15.0,14.5,33.2
2024-12-15 14:00:00,queens,,24.0,29.333333333333332
2024-12-15 14:00:00,staten_island,26.0,,48.666666666666664
2024-12-15 15:00:00,bronx,,15.5,32.333333333333336
2024-12-15 15:00:00,brooklyn,,,27.666666666666668
2024-12-15 15:00:00,manhattan,16.0,13.0,37.6
2024-12-15 15:00:00,queens,,26.0,24.333333333333332
2024-12-15 15:00:00,staten_island,30.0,,46.666666666666664
2024-12-15 16:00:00,bronx,,16.0,29.0
2024-12-15 16:00:00,brooklyn,,,24.666666666666668
2024-12-15 16:00:00,manhattan,16.0,13.0,38.6
2024-12-15 16:00:00,queens,,24.0,21.666666666666668
2024-12-15 16:00:00,staten_island,31.0,,44.333333333333336
2024-12-15 17:00:00,bronx,,12.0,26.666666666666668
2024-12-15 17:00:00,brooklyn,,,26.333333333333332
2024-12-15 17:00:00,manhattan,19.0,13.0,35.0
2024-12-15 17:00:00,queens,,22.0,24.0
2024-12-15 17:00:00,staten_island,34.0,,43.666666666666664
2024-12-15 18:00:00,bronx,,11.0,23.666666666666668
2024-12-15 18:00:00,brooklyn,,,28.666666666666668
2024-12-15 18:00:00,manhattan,28.0,12.5,31.0
2024-12-15 18:00:00,queens,,18.0,27.0
2024-12-15 18:00:00,staten_island,41.0,,40.666666666666664
2024-12-15 19:00:00,bronx,,14.0,24.333333333333332
2024-12-15 19:00:00,brooklyn,,,32.0
2024-12-15 19:00:00,manhattan,27.0,12.5,29.4
2024-12-15 19:00:00,queens,,13.0,31.333333333333332
2024-12-15 19:00:00,staten_island,37.0,,38.666666666666664
2024-12-15 20:00:00,bronx,,11.0,28.0
2024-12-15 20:00:00,brooklyn,,,35.0
2024-12-15 20:00:00,manhattan,26.0,10.5,31.8
2024-12-15 20:00:00,queens,,11.0,35.0
2024-12-15 20:00:00,staten_island,37.0,,41.666666666666664
2024-12-15 21:00:00,bronx,,10.5,30.666666666666668
2024-12-15 21:00:00,brooklyn,,,38.333333333333336
2024-12-15 21:00:00,manhattan,27.0,10.5,34.8
2024-12-15 21:00:00,queens,,11.0,38.0
2024-12-15 21:00:00,staten_island,41.0,,45.666666666666664
2024-12-15 22:00:00,bronx,,11.0,29.666666666666668
2024-12-15 22:00:00,brooklyn,,,40.0
2024-12-15 22:00:00,manhattan,29.0,10.5,36.8
2024-12-15 22:00:00,queens,,8.0,40.333333333333336
2024-12-15 22:00:00,staten_island,39.0,,47.666666666666664
2024-12-15 23:00:00,bronx,,10.0,31.333333333333332
2024-12-15 23:00:00,brooklyn,,,39.0
2024-12-15 23:00:00,manhattan,29.0,10.0,39.4
2024-12-15 23:00:00,queens,,7.0,39.0
2024-12-15 23:00:00,staten_island,40.0,,46.333333333333336
2024-12-16 00:00:00,bronx,,9.0,31.666666666666668
2024-12-16 00:00:00,brooklyn,,,37.666666666666664
2024-12-16 00:00:00,manhattan,27.0,10.0,40.2
2024-12-16 00:00:00,queens,,8.0,37.333333333333336
2024-12-16 00:00:00,staten_island,38.0,,39.333333333333336
2024-12-16 01:00:00,bronx,,12.0,29.666666666666668
2024-12-16 01:00:00,brooklyn,,,36.666666666666664
2024-12-16 01:00:00,manhattan,24.0,11.0,37.0
2024-12-16 01:00:00,queens,,14.0,35.333333333333336
2024-12-16 01:00:00,staten_island,34.0,,34.666666666666664
2024-12-16 02:00:00,bronx,,10.0,28.666666666666668
2024-12-16 02:00:00,brooklyn,,,33.666666666666664
2024-12-16 02:00:00,manhattan,22.0,8.5,33.0
2024-12-16 02:00:00,queens,,14.0,32.333333333333336
2024-12-16 02:00:00,staten_island,34.0,,29.333333333333332
2024-12-16 03:00:00,bronx,,11.0,26.666666666666668
2024-12-16 03:00:00,brooklyn,,,30.333333333333332
2024-12-16 03:00:00,manhattan,25.0,10.5,27.2
2024-12-16 03:00:00,queens,,9.0,29.666666666666668
2024-12-16 03:00:00,staten_island,39.0,,26.0
2024-12-16 04:00:00,bronx,,10.0,27.333333333333332
2024-12-16 04:00:00,brooklyn,,,29.333333333333332
2024-12-16 04:00:00,manhattan,25.0,9.0,28.0
2024-12-16 04:00:00,queens,,8.0,29.333333333333332
2024-12-16 04:00:00,staten_island,38.0,,27.333333333333332
2024-12-16 05:00:00,bronx,,12.0,27.666666666666668
2024-12-16 05:00:00,brooklyn,,,29.333333333333332
2024-12-16 05:00:00,manhattan,27.0,9.0,28.2
2024-12-16 05:00:00,queens,,6.0,31.0
2024-12-16 05:00:00,staten_island,39.0,,28.666666666666668
2024-12-16 06:00:00,bronx,,12.0,27.0
2024-12-16 06:00:00,brooklyn,,,29.666666666666668
2024-12-16 06:00:00,manhattan,25.0,9.0,31.0
2024-12-16 06:00:00,queens,,12.0,30.333333333333332
2024-12-16 06:00:00,staten_island,44.0,,29.333333333333332
2024-12-16 07:00:00,bronx,,10.0,26.666666666666668
2024-12-16 07:00:00,brooklyn,,,28.666666666666668
2024-12-16 07:00:00,manhattan,24.0,6.5,28.2
2024-12-16 07:00:00,queens,,13.0,29.0
2024-12-16 07:00:00,staten_island,48.0,,32.0
2024-12-16 08:00:00,bronx,,11.0,28.0
2024-12-16 08:00:00,brooklyn,,,31.333333333333332
2024-12-16 08:00:00,manhattan,29.0,7.5,27.6
2024-12-16 08:00:00,queens,,17.0,30.666666666666668
2024-12-16 08:00:00,staten_island,45.0,,32.333333333333336
2024-12-16 09:00:00,bronx,,10.5,28.333333333333332
2024-12-16 09:00:00,brooklyn,,,31.333333333333332
2024-12-16 09:00:00,manhattan,32.0,8.5,29.2
2024-12-16 09:00:00,queens,,19.0,29.666666666666668
2024-12-16 09:00:00,staten_island,39.0,,33.0
2024-12-16 10:00:00,bronx,,13.5,26.666666666666668
2024-12-16 10:00:00,brooklyn,,,29.0
2024-12-16 10:00:00,manhattan,25.0,8.5,26.4
2024-12-16 10:00:00,queens,,22.0,27.0
2024-12-16 10:00:00,staten_island,36.0,,28.666666666666668
2024-12-16 11:00:00,bronx,,14.0,25.666666666666668
2024-12-16 11:00:00,brooklyn,,,25.333333333333332
2024-12-16 11:00:00,manhattan,19.0,10.0,25.0
2024-12-16 11:00:00,queens,,24.0,22.666666666666668
2024-12-16 11:00:00,staten_island,30.0,,24.333333333333332
2024-12-16 12:00:00,bronx,,14.5,24.0
2024-12-16 12:00:00,brooklyn,,,22.666666666666668
2024-12-16 12:00:00,manhattan,17.0,10.5,24.4
2024-12-16 12:00:00,queens,,22.0,19.333333333333332
2024-12-16 12:00:00,staten_island,32.0,,17.333333333333332
2024-12-16 13:00:00,bronx,,13.0,23.333333333333332
2024-12-16 13:00:00,brooklyn,,,20.333333333333332
2024-12-16 13:00:00,manhattan,21.0,11.0,23.6
2024-12-16 13:00:00,queens,,21.0,17.0
2024-12-16 13:00:00,staten_island,30.0,,17.666666666666668
2024-12-16 14:00:00,bronx,,13.0,21.333333333333332
2024-12-16 14:00:00,brooklyn,,,20.0
2024-12-16 14:00:00,manhattan,23.0,10.0,22.6
2024-12-16 14:00:00,queens,,24.0,16.333333333333332
2024-12-16 14:00:00,staten_island,32.0,,15.333333333333334
2024-12-16 15:00:00,bronx,,12.0,21.0
2024-12-16 15:00:00,brooklyn,,,24.666666666666668
2024-12-16 15:00:00,manhattan,25.0,9.0,21.8
2024-12-16 15:00:00,queens,,23.0,19.0
2024-12-16 15:00:00,staten_island,40.0,,19.0
2024-12-16 16:00:00,bronx,,9.5,22.333333333333332
2024-12-16 16:00:00,brooklyn,,,37.333333333333336
2024-12-16 16:00:00,manhattan,28.0,6.0,22.4
2024-12-16 16:00:00,queens,,22.0,31.333333333333332
2024-12-16 16:00:00,staten_island,47.0,,22.666666666666668
2024-12-16 17:00:00,bronx,,7.5,33.333333333333336
2024-12-16 17:00:00,brooklyn,,,37.666666666666664
2024-12-16 17:00:00,manhattan,32.0,4.5,33.4
2024-12-16 17:00:00,queens,,24.0,31.0
2024-12-16 17:00:00,staten_island,41.0,,31.333333333333332
2024-12-16 18:00:00,bronx,,9.0,41.0
2024-12-16 18:00:00,brooklyn,,,33.0
2024-12-16 18:00:00,manhattan,35.0,7.0,43.6
2024-12-16 18:00:00,queens,,22.0,27.333333333333332
2024-12-16 18:00:00,staten_island,28.0,,37.666666666666664
2024-12-16 19:00:00,bronx,,13.0,36.0
2024-12-16 19:00:00,brooklyn,,,30.666666666666668
2024-12-16 19:00:00,manhattan,35.0,9.5,40.2
2024-12-16 19:00:00,queens,,21.0,25.333333333333332
2024-12-16 19:00:00,staten_island,25.0,,31.666666666666668
2024-12-16 20:00:00,bronx,,10.0,33.0
2024-12-16 20:00:00,brooklyn,,,32.333333333333336
2024-12-16 20:00:00,manhattan,35.0,7.5,37.6
2024-12-16 20:00:00,queens,,19.0,24.333333333333332
2024-12-16 20:00:00,staten_island,22.0,,25.666666666666668
2024-12-16 21:00:00,bronx,,8.0,33.333333333333336
2024-12-16 21:00:00,brooklyn,,,35.333333333333336
2024-12-16 21:00:00,manhattan,22.0,7.0,38.4
2024-12-16 21:00:00,queens,,22.0,27.666666666666668
2024-12-16 21:00:00,staten_island,17.0,,20.666666666666668
2024-12-16 22:00:00,bronx,,11.5,30.0
2024-12-16 22:00:00,brooklyn,,,31.0
2024-12-16 22:00:00,manhattan,18.0,11.5,33.4
2024-12-16 22:00:00,queens,,20.0,24.333333333333332
2024-12-16 22:00:00,staten_island,18.0,,21.0
2024-12-16 23:00:00,bronx,,13.5,24.0
2024-12-16 23:00:00,brooklyn,,,24.333333333333332
2024-12-16 23:00:00,manhattan,10.0,11.0,26.4
2024-12-16 23:00:00,queens,,23.0,18.0
2024-12-16 23:00:00,staten_island,17.0,,18.333333333333332
2024-12-17 00:00:00,bronx,,14.5,20.0
2024-12-17 00:00:00,brooklyn,,,21.333333333333332
2024-12-17 00:00:00,manhattan,7.0,13.5,21.4
2024-12-17 00:00:00,queens,,22.0,17.0
2024-12-17 00:00:00,staten_island,16.0,,12.333333333333334
2024-12-17 01:00:00,bronx,,14.5,19.0
2024-12-17 01:00:00,brooklyn,,,20.666666666666668
2024-12-17 01:00:00,manhattan,10.0,15.5,18.4
2024-12-17 01:00:00,queens,,25.0,19.0
2024-12-17 01:00:00,staten_island,7.0,,12.666666666666666
2024-12-17 02:00:00,bronx,,16.5,17.666666666666668
2024-12-17 02:00:00,brooklyn,,,19.666666666666668
2024-12-17 02:00:00,manhattan,10.0,18.0,17.8
2024-12-17 02:00:00,queens,,19.0,22.0
2024-12-17 02:00:00,staten_island,8.0,,12.333333333333334
2024-12-17 03:00:00,bronx,,15.5,21.666666666666668
2024-12-17 03:00:00,brooklyn,,,19.666666666666668
2024-12-17 03:00:00,manhattan,9.0,17.5,20.8
2024-12-17 03:00:00,queens,,19.0,24.0
2024-12-17 03:00:00,staten_island,10.0,,16.666666666666668
2024-12-17 04:00:00,bronx,,17.0,24.666666666666668
2024-12-17 04:00:00,brooklyn,,,25.666666666666668
2024-12-17 04:00:00,manhattan,7.0,16.5,25.0
2024-12-17 04:00:00,queens,,20.0,27.333333333333332
2024-12-17 04:00:00,staten_island,10.0,,16.666666666666668
2024-12-17 05:00:00,bronx,,15.0,30.666666666666668
2024-12-17 05:00:00,brooklyn,,,36.0
2024-12-17 05:00:00,manhattan,11.0,14.0,31.0
2024-12-17 05:00:00,queens,,19.0,36.0
2024-12-17 05:00:00,staten_island,12.0,,25.333333333333332
2024-12-17 06:00:00,bronx,,11.0,36.0
2024-12-17 06:00:00,brooklyn,,,46.0
2024-12-17 06:00:00,manhattan,16.0,11.5,36.2
2024-12-17 06:00:00,queens,,13.0,45.666666666666664
2024-12-17 06:00:00,staten_island,10.0,,34.333333333333336
2024-12-17 07:00:00,bronx,,11.0,40.0
2024-12-17 07:00:00,brooklyn,,,51.666666666666664
2024-12-17 07:00:00,manhattan,18.0,9.0,39.8
2024-12-17 07:00:00,queens,,9.0,50.666666666666664
2024-12-17 07:00:00,staten_island,11.0,,34.666666666666664
2024-12-17 08:00:00,bronx,,9.5,47.0
2024-12-17 08:00:00,brooklyn,,,54.333333333333336
2024-12-17 08:00:00,manhattan,18.0,7.5,46.4
2024-12-17 08:00:00,queens,,8.0,56.333333333333336
2024-12-17 08:00:00,staten_island,11.0,,39.333333333333336
2024-12-17 09:00:00,bronx,,7.5,50.333333333333336
2024-12-17 09:00:00,brooklyn,,,54.0
2024-12-17 09:00:00,manhattan,15.0,6.0,49.6
2024-12-17 09:00:00,queens,,8.0,55.333333333333336
2024-12-17 09:00:00,staten_island,12.0,,40.333333333333336
2024-12-17 10:00:00,bronx,,9.0,49.333333333333336
2024-12-17 10:00:00,brooklyn,,,53.0
2024-12-17 10:00:00,manhattan,14.0,6.5,47.8
2024-12-17 10:00:00,queens,,9.0,54.0
2024-12-17 10:00:00,staten_island,9.0,,41.333333333333336
2024-12-17 11:00:00,bronx,,8.5,47.666666666666664
2024-12-17 11:00:00,brooklyn,,,52.0
2024-12-17 11:00:00,manhattan,9.0,7.0,46.2
2024-12-17 11:00:00,queens,,9.0,54.0
2024-12-17 11:00:00,staten_island,9.0,,38.333333333333336
2024-12-17 12:00:00,bronx,,10.5,45.0
2024-12-17 12:00:00,brooklyn,,,52.0
2024-12-17 12:00:00,manhattan,10.0,9.0,41.2
2024-12-17 12:00:00,queens,,9.0,54.333333333333336
2024-12-17 12:00:00,staten_island,10.0,,34.333333333333336
2024-12-17 13:00:00,bronx,,13.5,40.666666666666664
2024-12-17 13:00:00,brooklyn,,,50.0
2024-12-17 13:00:00,manhattan,10.0,11.5,39.8
2024-12-17 13:00:00,queens,,11.0,53.333333333333336
2024-12-17 13:00:00,staten_island,11.0,,32.333333333333336
2024-12-17 14:00:00,bronx,,16.0,32.333333333333336
2024-12-17 14:00:00,brooklyn,,,44.666666666666664
2024-12-17 14:00:00,manhattan,9.0,15.5,32.0
2024-12-17 14:00:00,queens,,12.0,48.0
2024-12-17 14:00:00,staten_island,10.0,,28.666666666666668
2024-12-17 15:00:00,bronx,,16.5,27.333333333333332
2024-12-17 15:00:00,brooklyn,,,35.666666666666664
2024-12-17 15:00:00,manhattan,8.0,16.5,26.6
2024-12-17 15:00:00,queens,,16.0,37.333333333333336
2024-12-17 15:00:00,staten_island,12.0,,24.333333333333332
2024-12-17 16:00:00,bronx,,17.0,28.333333333333332
2024-12-17 16:00:00,brooklyn,,,34.666666666666664
2024-12-17 16:00:00,manhattan,14.0,16.5,28.4
2024-12-17 16:00:00,queens,,12.0,36.333333333333336
2024-12-17 16:00:00,staten_island,13.0,,20.666666666666668
2024-12-17 17:00:00,bronx,,14.5,30.666666666666668
2024-12-17 17:00:00,brooklyn,,,34.666666666666664
2024-12-17 17:00:00,manhattan,24.0,13.5,31.0
2024-12-17 17:00:00,queens,,11.0,36.666666666666664
2024-12-17 17:00:00,staten_island,14.0,,21.333333333333332
2024-12-17 18:00:00,bronx,,14.0,35.333333333333336
2024-12-17 18:00:00,brooklyn,,,35.333333333333336
2024-12-17 18:00:00,manhattan,23.0,14.0,37.0
2024-12-17 18:00:00,queens,,11.0,37.666666666666664
2024-12-17 18:00:00,staten_island,18.0,,22.666666666666668
2024-12-17 19:00:00,bronx,,13.0,33.666666666666664
2024-12-17 19:00:00,brooklyn,,,36.333333333333336
2024-12-17 19:00:00,manhattan,15.0,14.0,35.8
2024-12-17 19:00:00,queens,,10.0,39.0
2024-12-17 19:00:00,staten_island,20.0,,24.333333333333332
2024-12-17 20:00:00,bronx,,12.5,32.666666666666664
2024-12-17 20:00:00,brooklyn,,,37.333333333333336
2024-12-17 20:00:00,manhattan,21.0,14.0,34.6
2024-12-17 20:00:00,queens,,13.0,38.666666666666664
2024-12-17 20:00:00,staten_island,16.0,,26.333333333333332
2024-12-17 21:00:00,bronx,,12.0,31.666666666666668
2024-12-17 21:00:00,brooklyn,,,37.333333333333336
2024-12-17 21:00:00,manhattan,25.0,11.0,34.6
2024-12-17 21:00:00,queens,,10.0,37.666666666666664
2024-12-17 21:00:00,staten_island,18.0,,27.333333333333332
2024-12-17 22:00:00,bronx,,11.0,30.333333333333332
2024-12-17 22:00:00,brooklyn,,,35.333333333333336
2024-12-17 22:00:00,manhattan,20.0,11.0,33.0
2024-12-17 22:00:00,queens,,11.0,34.333333333333336
2024-12-17 22:00:00,staten_island,20.0,,27.333333333333332
2024-12-17 23:00:00,bronx,,13.0,28.0
2024-12-17 23:00:00,brooklyn,,,31.0
2024-12-17 23:00:00,manhattan,21.0,12.5,29.8
2024-12-17 23:00:00,queens,,18.0,29.333333333333332
2024-12-17 23:00:00,staten_island,19.0,,28.333333333333332
2024-12-18 00:00:00,bronx,,12.5,27.666666666666668
2024-12-18 00:00:00,brooklyn,,,30.0
2024-12-18 00:00:00,manhattan,19.0,14.0,29.4
2024-12-18 00:00:00,queens,,13.0,29.333333333333332
2024-12-18 00:00:00,staten_island,17.0,,27.666666666666668
2024-12-18 01:00:00,bronx,,13.0,29.666666666666668
2024-12-18 01:00:00,brooklyn,,,31.333333333333332
2024-12-18 01:00:00,manhattan,20.0,15.5,31.4
2024-12-18 01:00:00,queens,,12.0,33.666666666666664
2024-12-18 01:00:00,staten_island,21.0,,26.666666666666668
2024-12-18 02:00:00,bronx,,16.5,30.666666666666668
2024-12-18 02:00:00,brooklyn,,,33.0
2024-12-18 02:00:00,manhattan,25.0,17.5,32.4
2024-12-18 02:00:00,queens,,12.0,34.666666666666664
2024-12-18 02:00:00,staten_island,29.0,,28.666666666666668
2024-12-18 03:00:00,bronx,,16.0,32.0
2024-12-18 03:00:00,brooklyn,,,36.666666666666664
2024-12-18 03:00:00,manhattan,25.0,15.5,34.4
2024-12-18 03:00:00,queens,,12.0,38.333333333333336
2024-12-18 03:00:00,staten_island,32.0,,32.666666666666664
2024-12-18 04:00:00,bronx,,12.5,35.666666666666664
2024-12-18 04:00:00,brooklyn,,,41.0
2024-12-18 04:00:00,manhattan,29.0,12.0,37.0
2024-12-18 04:00:00,queens,,7.0,44.333333333333336
2024-12-18 04:00:00,staten_island,36.0,,37.333333333333336
2024-12-18 05:00:00,bronx,,11.0,41.0
2024-12-18 05:00:00,brooklyn,,,43.0
2024-12-18 05:00:00,manhattan,33.0,10.5,38.4
2024-12-18 05:00:00,queens,,6.0,45.666666666666664
2024-12-18 05:00:00,staten_island,38.0,,41.333333333333336
2024-12-18 06:00:00,bronx,,6.0,48.333333333333336
2024-12-18 06:00:00,brooklyn,,,49.0
2024-12-18 06:00:00,manhattan,33.0,7.5,43.8
2024-12-18 06:00:00,queens,,4.0,51.666666666666664
2024-12-18 06:00:00,staten_island,37.0,,46.0
2024-12-18 07:00:00,bronx,,6.5,54.333333333333336
2024-12-18 07:00:00,brooklyn,,,53.0
2024-12-18 07:00:00,manhattan,36.0,7.5,47.8
2024-12-18 07:00:00,queens,,3.0,54.333333333333336
2024-12-18 07:00:00,staten_island,31.0,,48.333333333333336
2024-12-18 08:00:00,bronx,,6.5,53.333333333333336
2024-12-18 08:00:00,brooklyn,,,55.666666666666664
2024-12-18 08:00:00,manhattan,37.0,8.5,46.2
2024-12-18 08:00:00,queens,,4.0,56.666666666666664
2024-12-18 08:00:00,staten_island,32.0,,50.0
2024-12-18 09:00:00,bronx,,7.5,53.0
2024-12-18 09:00:00,brooklyn,,,54.0
2024-12-18 09:00:00,manhattan,37.0,7.0,47.6
2024-12-18 09:00:00,queens,,7.0,55.666666666666664
2024-12-18 09:00:00,staten_island,35.0,,57.333333333333336
2024-12-18 10:00:00,bronx,,12.0,51.333333333333336
2024-12-18 10:00:00,brooklyn,,,51.666666666666664
2024-12-18 10:00:00,manhattan,51.0,11.0,52.0
2024-12-18 10:00:00,queens,,11.0,53.666666666666664
2024-12-18 10:00:00,staten_island,33.0,,57.666666666666664
2024-12-18 11:00:00,bronx,,14.5,44.0
2024-12-18 11:00:00,brooklyn,,,41.333333333333336
2024-12-18 11:00:00,manhattan,31.0,13.5,49.0
2024-12-18 11:00:00,queens,,16.0,44.0
2024-12-18 11:00:00,staten_island,26.0,,50.0
2024-12-18 12:00:00,bronx,,18.0,38.333333333333336
2024-12-18 12:00:00,brooklyn,,,37.333333333333336
2024-12-18 12:00:00,manhattan,21.0,16.5,44.6
2024-12-18 12:00:00,queens,,18.0,39.333333333333336
2024-12-18 12:00:00,staten_island,24.0,,42.333333333333336
2024-12-18 13:00:00,bronx,,19.5,34.666666666666664
2024-12-18 13:00:00,brooklyn,,,33.0
2024-12-18 13:00:00,manhattan,16.0,19.5,40.0
2024-12-18 13:00:00,queens,,19.0,34.333333333333336
2024-12-18 13:00:00,staten_island,23.0,,36.0
2024-12-18 14:00:00,bronx,,19.5,30.666666666666668
2024-12-18 14:00:00,brooklyn,,,28.333333333333332
2024-12-18 14:00:00,manhattan,13.0,20.5,32.8
2024-12-18 14:00:00,queens,,22.0,29.0
2024-12-18 14:00:00,staten_island,25.0,,32.666666666666664
2024-12-18 15:00:00,bronx,,18.0,31.666666666666668
2024-12-18 15:00:00,brooklyn,,,30.666666666666668
2024-12-18 15:00:00,manhattan,13.0,19.0,31.2
2024-12-18 15:00:00,queens,,22.0,32.0
2024-12-18 15:00:00,staten_island,25.0,,32.0
2024-12-18 16:00:00,bronx,,19.0,33.0
2024-12-18 16:00:00,brooklyn,,,33.666666666666664
2024-12-18 16:00:00,manhattan,16.0,20.0,31.2
2024-12-18 16:00:00,queens,,25.0,33.666666666666664
2024-12-18 16:00:00,staten_island,25.0,,30.333333333333332
2024-12-18 17:00:00,bronx,,16.0,35.666666666666664
2024-12-18 17:00:00,brooklyn,,,38.666666666666664
2024-12-18 17:00:00,manhattan,16.0,16.0,33.0
2024-12-18 17:00:00,queens,,20.0,37.333333333333336
2024-12-18 17:00:00,staten_island,25.0,,28.333333333333332
2024-12-18 18:00:00,bronx,,14.0,38.0
2024-12-18 18:00:00,brooklyn,,,45.333333333333336
2024-12-18 18:00:00,manhattan,31.0,14.0,37.6
2024-12-18 18:00:00,queens,,15.0,43.666666666666664
2024-12-18 18:00:00,staten_island,25.0,,33.333333333333336
2024-12-18 19:00:00,bronx,,9.5,42.0
2024-12-18 19:00:00,brooklyn,,,52.666666666666664
2024-12-18 19:00:00,manhattan,35.0,10.0,41.4
2024-12-18 19:00:00,queens,,12.0,51.666666666666664
2024-12-18 19:00:00,staten_island,28.0,,45.0
2024-12-18 20:00:00,bronx,,9.0,47.5
2024-12-18 20:00:00,brooklyn,,,54.333333333333336
2024-12-18 20:00:00,manhattan,27.0,10.5,47.75
2024-12-18 20:00:00,queens,,9.0,54.333333333333336
2024-12-18 20:00:00,staten_island,28.0,,44.666666666666664
2024-12-18 21:00:00,bronx,,7.5,50.0
2024-12-18 21:00:00,brooklyn,,,56.666666666666664
2024-12-18 21:00:00,manhattan,26.0,8.5,49.75
2024-12-18 21:00:00,queens,,6.0,57.666666666666664
2024-12-18 21:00:00,staten_island,26.0,,44.0
2024-12-18 22:00:00,bronx,,6.0,51.5
2024-12-18 22:00:00,brooklyn,,,58.333333333333336
2024-12-18 22:00:00,manhattan,28.0,7.0,52.25
2024-12-18 22:00:00,queens,,6.0,59.666666666666664
2024-12-18 22:00:00,staten_island,26.0,,48.666666666666664
2024-12-18 23:00:00,bronx,,6.0,54.5
2024-12-18 23:00:00,brooklyn,,,58.0
2024-12-18 23:00:00,manhattan,28.0,6.5,56.0
2024-12-18 23:00:00,queens,,4.0,59.333333333333336
2024-12-18 23:00:00,staten_island,28.0,,48.0
2024-12-19 00:00:00,bronx,,3.0,53.0
2024-12-19 00:00:00,brooklyn,,,58.0
2024-12-19 00:00:00,manhattan,28.0,3.5,54.75
2024-12-19 00:00:00,queens,,1.0,59.0
2024-12-19 00:00:00,staten_island,25.0,,52.666666666666664
2024-12-19 01:00:00,bronx,,6.0,48.5
2024-12-19 01:00:00,brooklyn,,,53.0
2024-12-19 01:00:00,manhattan,22.0,6.5,50.25
2024-12-19 01:00:00,queens,,1.0,53.666666666666664
2024-12-19 01:00:00,staten_island,17.0,,48.0
2024-12-19 02:00:00,bronx,,11.0,44.0
2024-12-19 02:00:00,brooklyn,,,45.666666666666664
2024-12-19 02:00:00,manhattan,16.0,12.0,46.25
2024-12-19 02:00:00,queens,,1.0,48.333333333333336
2024-12-19 02:00:00,staten_island,8.0,,39.333333333333336
2024-12-19 03:00:00,bronx,,10.0,34.5
2024-12-19 03:00:00,brooklyn,,,33.666666666666664
2024-12-19 03:00:00,manhattan,14.0,11.5,34.75
2024-12-19 03:00:00,queens,,10.0,35.333333333333336
2024-12-19 03:00:00,staten_island,9.0,,29.666666666666668
2024-12-19 04:00:00,bronx,,11.5,32.5
2024-12-19 04:00:00,brooklyn,,,32.0
2024-12-19 04:00:00,manhattan,15.0,12.5,31.25
2024-12-19 04:00:00,queens,,13.0,33.0
2024-12-19 04:00:00,staten_island,8.0,,23.0
2024-12-19 05:00:00,bronx,,14.0,36.0
2024-12-19 05:00:00,brooklyn,,,33.333333333333336
2024-12-19 05:00:00,manhattan,18.0,13.5,33.0
2024-12-19 05:00:00,queens,,13.0,34.333333333333336
2024-12-19 05:00:00,staten_island,9.0,,22.333333333333332
2024-12-19 06:00:00,bronx,,14.0,36.5
2024-12-19 06:00:00,brooklyn,,,31.333333333333332
2024-12-19 06:00:00,manhattan,20.0,13.0,34.5
2024-12-19 06:00:00,queens,,15.0,33.333333333333336
2024-12-19 06:00:00,staten_island,17.0,,19.666666666666668
2024-12-19 07:00:00,bronx,,13.0,38.0
2024-12-19 07:00:00,brooklyn,,,32.333333333333336
2024-12-19 07:00:00,manhattan,19.0,12.5,35.75
2024-12-19 07:00:00,queens,,16.0,34.0
2024-12-19 07:00:00,staten_island,24.0,,21.0
2024-12-19 08:00:00,bronx,,14.5,35.0
2024-12-19 08:00:00,brooklyn,,,31.666666666666668
2024-12-19 08:00:00,manhattan,28.0,15.5,31.75
2024-12-19 08:00:00,queens,,14.0,33.666666666666664
2024-12-19 08:00:00,staten_island,17.0,,21.333333333333332
2024-12-19 09:00:00,bronx,,16.0,34.0
2024-12-19 09:00:00,brooklyn,,,29.666666666666668
2024-12-19 09:00:00,manhattan,19.0,16.0,29.0
2024-12-19 09:00:00,queens,,17.0,31.333333333333332
2024-12-19 09:00:00,staten_island,10.0,,22.0
2024-12-19 10:00:00,bronx,,17.0,-312.0
2024-12-19 10:00:00,brooklyn,,,27.666666666666668
2024-12-19 10:00:00,manhattan,16.0,16.5,-176.6
2024-12-19 10:00:00,queens,,19.0,29.333333333333332
2024-12-19 10:00:00,staten_island,8.0,,19.333333333333332
2024-12-19 11:00:00,bronx,,18.5,22.0
2024-12-19 11:00:00,brooklyn,,,23.0
2024-12-19 11:00:00,manhattan,18.0,17.5,23.8
2024-12-19 11:00:00,queens,,19.0,24.333333333333332
2024-12-19 11:00:00,staten_island,9.0,,17.0
2024-12-19 12:00:00,bronx,,19.0,20.0
2024-12-19 12:00:00,brooklyn,,,22.333333333333332
2024-12-19 12:00:00,manhattan,13.0,19.5,22.8
2024-12-19 12:00:00,queens,,19.0,23.333333333333332
2024-12-19 12:00:00,staten_island,8.0,,13.333333333333334
2024-12-19 13:00:00,bronx,,18.5,17.333333333333332
2024-12-19 13:00:00,brooklyn,,,20.0
2024-12-19 13:00:00,manhattan,15.0,20.0,19.2
2024-12-19 13:00:00,queens,,21.0,20.666666666666668
2024-12-19 13:00:00,staten_island,13.0,,17.666666666666668
2024-12-19 14:00:00,bronx,,20.0,20.333333333333332
2024-12-19 14:00:00,brooklyn,,,23.333333333333332
2024-12-19 14:00:00,manhattan,18.0,20.5,20.75
2024-12-19 14:00:00,queens,,18.0,24.666666666666668
2024-12-19 14:00:00,staten_island,12.0,,19.333333333333332
2024-12-19 15:00:00,bronx,,20.0,19.0
2024-12-19 15:00:00,brooklyn,,,22.0
2024-12-19 15:00:00,manhattan,20.0,20.0,-182.6
2024-12-19 15:00:00,queens,,19.0,23.666666666666668
2024-12-19 15:00:00,staten_island,15.0,,16.0
2024-12-19 16:00:00,bronx,,18.5,19.0
2024-12-19 16:00:00,brooklyn,,,22.0
2024-12-19 16:00:00,manhattan,20.0,19.5,20.2
2024-12-19 16:00:00,queens,,19.0,22.666666666666668
2024-12-19 16:00:00,staten_island,17.0,,14.333333333333334
2024-12-19 17:00:00,bronx,,17.0,20.666666666666668
2024-12-19 17:00:00,brooklyn,,,23.0
2024-12-19 17:00:00,manhattan,20.0,18.5,22.8
2024-12-19 17:00:00,queens,,20.0,23.333333333333332
2024-12-19 17:00:00,staten_island,16.0,,16.666666666666668
2024-12-19 18:00:00,bronx,,17.5,20.666666666666668
2024-12-19 18:00:00,brooklyn,,,25.666666666666668
2024-12-19 18:00:00,manhattan,19.0,18.0,23.0
2024-12-19 18:00:00,queens,,18.0,25.666666666666668
2024-12-19 18:00:00,staten_island,13.0,,17.0
2024-12-19 19:00:00,bronx,,18.5,19.0
2024-12-19 19:00:00,brooklyn,,,24.666666666666668
2024-12-19 19:00:00,manhattan,19.0,19.0,20.2
2024-12-19 19:00:00,queens,,20.0,24.333333333333332
2024-12-19 19:00:00,staten_island,18.0,,14.333333333333334
2024-12-19 20:00:00,bronx,,17.5,20.333333333333332
2024-12-19 20:00:00,brooklyn,,,25.333333333333332
2024-12-19 20:00:00,manhattan,17.0,18.0,19.8
2024-12-19 20:00:00,queens,,20.0,25.333333333333332
2024-12-19 20:00:00,staten_island,13.0,,14.333333333333334
2024-12-19 21:00:00,bronx,,19.0,18.666666666666668
2024-12-19 21:00:00,brooklyn,,,24.333333333333332
2024-12-19 21:00:00,manhattan,22.0,18.5,19.4
2024-12-19 21:00:00,queens,,21.0,23.666666666666668
2024-12-19 21:00:00,staten_island,16.0,,14.333333333333334
2024-12-19 22:00:00,bronx,,19.0,18.0
2024-12-19 22:00:00,brooklyn,,,21.333333333333332
2024-12-19 22:00:00,manhattan,25.0,19.0,18.6
2024-12-19 22:00:00,queens,,21.0,20.666666666666668
2024-12-19 22:00:00,staten_island,27.0,,13.0
2024-12-19 23:00:00,bronx,,19.0,18.333333333333332
2024-12-19 23:00:00,brooklyn,,,21.0
2024-12-19 23:00:00,manhattan,18.0,19.5,19.0
2024-12-19 23:00:00,queens,,23.0,20.333333333333332
2024-12-19 23:00:00,staten_island,23.0,,13.666666666666666
2024-12-20 00:00:00,bronx,,20.0,18.333333333333332
2024-12-20 00:00:00,brooklyn,,,21.666666666666668
2024-12-20 00:00:00,manhattan,18.0,19.0,19.4
2024-12-20 00:00:00,queens,,22.0,21.0
2024-12-20 00:00:00,staten_island,19.0,,15.666666666666666
2024-12-20 01:00:00,bronx,,20.5,18.333333333333332
2024-12-20 01:00:00,brooklyn,,,21.666666666666668
2024-12-20 01:00:00,manhattan,15.0,18.5,19.4
2024-12-20 01:00:00,queens,,19.0,21.333333333333332
2024-12-20 01:00:00,staten_island,25.0,,18.0
2024-12-20 02:00:00,bronx,,19.0,17.666666666666668
2024-12-20 02:00:00,brooklyn,,,20.333333333333332
2024-12-20 02:00:00,manhattan,13.0,18.0,17.8
2024-12-20 02:00:00,queens,,20.0,20.0
2024-12-20 02:00:00,staten_island,30.0,,22.333333333333332
2024-12-20 03:00:00,bronx,,17.0,17.333333333333332
2024-12-20 03:00:00,brooklyn,,,19.0
2024-12-20 03:00:00,manhattan,19.0,16.0,17.6
2024-12-20 03:00:00,queens,,19.0,19.0
2024-12-20 03:00:00,staten_island,25.0,,18.333333333333332
2024-12-20 04:00:00,bronx,,14.5,18.666666666666668
2024-12-20 04:00:00,brooklyn,,,18.333333333333332
2024-12-20 04:00:00,manhattan,20.0,13.0,16.8
2024-12-20 04:00:00,queens,,19.0,18.333333333333332
2024-12-20 04:00:00,staten_island,32.0,,14.666666666666666
2024-12-20 05:00:00,bronx,,13.0,20.333333333333332
2024-12-20 05:00:00,brooklyn,,,20.333333333333332
2024-12-20 05:00:00,manhattan,18.0,10.5,18.6
2024-12-20 05:00:00,queens,,15.0,20.333333333333332
2024-12-20 05:00:00,staten_island,30.0,,19.666666666666668
2024-12-20 06:00:00,bronx,,12.5,22.0
2024-12-20 06:00:00,brooklyn,,,22.0
2024-12-20 06:00:00,manhattan,19.0,9.0,20.8
2024-12-20 06:00:00,queens,,13.0,22.0
2024-12-20 06:00:00,staten_island,34.0,,18.666666666666668
2024-12-20 07:00:00,bronx,,11.0,24.0
2024-12-20 07:00:00,brooklyn,,,21.666666666666668
2024-12-20 07:00:00,manhattan,18.0,7.5,19.2
2024-12-20 07:00:00,queens,,15.0,22.333333333333332
2024-12-20 07:00:00,staten_island,34.0,,21.666666666666668
2024-12-20 08:00:00,bronx,,10.5,26.333333333333332
2024-12-20 08:00:00,brooklyn,,,30.0
2024-12-20 08:00:00,manhattan,19.0,7.5,23.0
2024-12-20 08:00:00,queens,,15.0,29.666666666666668
2024-12-20 08:00:00,staten_island,31.0,,25.666666666666668
2024-12-20 09:00:00,bronx,,12.5,27.333333333333332
2024-12-20 09:00:00,brooklyn,,,31.666666666666668
2024-12-20 09:00:00,manhattan,19.0,9.5,26.6
2024-12-20 09:00:00,queens,,13.0,30.0
2024-12-20 09:00:00,staten_island,33.0,,29.0
2024-12-20 10:00:00,bronx,,11.5,26.0
2024-12-20 10:00:00,brooklyn,,,30.0
2024-12-20 10:00:00,manhattan,17.0,9.0,25.6
2024-12-20 10:00:00,queens,,16.0,28.0
2024-12-20 10:00:00,staten_island,29.0,,27.0
2024-12-20 11:00:00,bronx,,11.0,23.0
2024-12-20 11:00:00,brooklyn,,,26.0
2024-12-20 11:00:00,manhattan,14.0,10.0,22.2
2024-12-20 11:00:00,queens,,16.0,24.333333333333332
2024-12-20 11:00:00,staten_island,29.0,,22.333333333333332
2024-12-20 12:00:00,bronx,,13.0,21.333333333333332
2024-12-20 12:00:00,brooklyn,,,23.333333333333332
2024-12-20 12:00:00,manhattan,14.0,9.5,20.6
2024-12-20 12:00:00,queens,,16.0,22.0
2024-12-20 12:00:00,staten_island,29.0,,22.333333333333332
2024-12-20 13:00:00,bronx,,13.5,26.666666666666668
2024-12-20 13:00:00,brooklyn,,,26.0
2024-12-20 13:00:00,manhattan,18.0,10.0,27.8
2024-12-20 13:00:00,queens,,17.0,24.333333333333332
2024-12-20 13:00:00,staten_island,25.0,,26.0
2024-12-20 14:00:00,bronx,,12.0,29.333333333333332
2024-12-20 14:00:00,brooklyn,,,31.333333333333332
2024-12-20 14:00:00,manhattan,22.0,11.0,27.6
2024-12-20 14:00:00,queens,,18.0,30.0
2024-12-20 14:00:00,staten_island,24.0,,30.666666666666668
2024-12-20 15:00:00,bronx,,11.5,29.333333333333332
2024-12-20 15:00:00,brooklyn,,,34.333333333333336
2024-12-20 15:00:00,manhattan,20.0,12.5,26.0
2024-12-20 15:00:00,queens,,18.0,32.666666666666664
2024-12-20 15:00:00,staten_island,25.0,,29.666666666666668
2024-12-20 16:00:00,bronx,,11.5,32.666666666666664
2024-12-20 16:00:00,brooklyn,,,36.666666666666664
2024-12-20 16:00:00,manhattan,16.0,12.5,28.4
2024-12-20 16:00:00,queens,,15.0,34.666666666666664
2024-12-20 16:00:00,staten_island,24.0,,29.666666666666668
2024-12-20 17:00:00,bronx,,11.5,31.666666666666668
2024-12-20 17:00:00,brooklyn,,,36.666666666666664
2024-12-20 17:00:00,manhattan,17.0,11.5,28.4
2024-12-20 17:00:00,queens,,17.0,34.333333333333336
2024-12-20 17:00:00,staten_island,23.0,,27.666666666666668
2024-12-20 18:00:00,bronx,,13.0,31.333333333333332
2024-12-20 18:00:00,brooklyn,,,36.333333333333336
2024-12-20 18:00:00,manhattan,13.0,11.5,27.6
2024-12-20 18:00:00,queens,,19.0,34.333333333333336
2024-12-20 18:00:00,staten_island,21.0,,27.333333333333332
2024-12-20 19:00:00,bronx,,14.0,30.333333333333332
2024-12-20 19:00:00,brooklyn,,,37.333333333333336
2024-12-20 19:00:00,manhattan,12.0,12.5,27.6
2024-12-20 19:00:00,queens,,20.0,35.0
2024-12-20 19:00:00,staten_island,20.0,,28.333333333333332
2024-12-20 20:00:00,bronx,,14.0,28.666666666666668
2024-12-20 20:00:00,brooklyn,,,36.0
2024-12-20 20:00:00,manhattan,10.0,14.0,26.0
2024-12-20 20:00:00,queens,,20.0,33.333333333333336
2024-12-20 20:00:00,staten_island,19.0,,28.333333333333332
2024-12-20 21:00:00,bronx,,14.0,28.333333333333332
2024-12-20 21:00:00,brooklyn,,,35.333333333333336
2024-12-20 21:00:00,manhattan,15.0,14.0,27.8
2024-12-20 21:00:00,queens,,20.0,33.0
2024-12-20 21:00:00,staten_island,17.0,,27.0
2024-12-20 22:00:00,bronx,,14.0,29.333333333333332
2024-12-20 22:00:00,brooklyn,,,34.666666666666664
2024-12-20 22:00:00,manhattan,14.0,14.5,27.4
2024-12-20 22:00:00,queens,,19.0,32.0
2024-12-20 22:00:00,staten_island,18.0,,28.666666666666668
2024-12-20 23:00:00,bronx,,12.5,32.0
2024-12-20 23:00:00,brooklyn,,,36.333333333333336
2024-12-20 23:00:00,manhattan,15.0,14.0,30.0
2024-12-20 23:00:00,queens,,19.0,32.666666666666664
2024-12-20 23:00:00,staten_island,17.0,,27.666666666666668
2024-12-21 00:00:00,bronx,,10.5,33.666666666666664
2024-12-21 00:00:00,brooklyn,,,40.0
2024-12-21 00:00:00,manhattan,13.0,12.0,31.8
2024-12-21 00:00:00,queens,,14.0,36.0
2024-12-21 00:00:00,staten_island,15.0,,34.333333333333336
2024-12-21 01:00:00,bronx,,12.0,34.666666666666664
2024-12-21 01:00:00,brooklyn,,,42.333333333333336
2024-12-21 01:00:00,manhattan,15.0,12.0,33.8
2024-12-21 01:00:00,queens,,11.0,42.333333333333336
2024-12-21 01:00:00,staten_island,15.0,,35.333333333333336
2024-12-21 02:00:00,bronx,,11.5,35.333333333333336
2024-12-21 02:00:00,brooklyn,,,42.333333333333336
2024-12-21 02:00:00,manhattan,13.0,10.5,34.4
2024-12-21 02:00:00,queens,,11.0,43.333333333333336
2024-12-21 02:00:00,staten_island,14.0,,28.333333333333332
2024-12-21 03:00:00,bronx,,11.5,34.333333333333336
2024-12-21 03:00:00,brooklyn,,,41.666666666666664
2024-12-21 03:00:00,manhattan,16.0,10.5,33.4
2024-12-21 03:00:00,queens,,9.0,43.0
2024-12-21 03:00:00,staten_island,13.0,,23.666666666666668
2024-12-21 04:00:00,bronx,,9.5,33.666666666666664
2024-12-21 04:00:00,brooklyn,,,42.333333333333336
2024-12-21 04:00:00,manhattan,17.0,9.5,34.4
2024-12-21 04:00:00,queens,,10.0,39.666666666666664
2024-12-21 04:00:00,staten_island,15.0,,21.333333333333332
2024-12-21 05:00:00,bronx,,10.0,32.0
2024-12-21 05:00:00,brooklyn,,,40.0
2024-12-21 05:00:00,manhattan,13.0,10.0,34.2
2024-12-21 05:00:00,queens,,8.0,38.666666666666664
2024-12-21 05:00:00,staten_island,16.0,,21.0
2024-12-21 06:00:00,bronx,,9.0,31.333333333333332
2024-12-21 06:00:00,brooklyn,,,37.333333333333336
2024-12-21 06:00:00,manhattan,16.0,10.0,31.0
2024-12-21 06:00:00,queens,,12.0,36.0
2024-12-21 06:00:00,staten_island,13.0,,22.333333333333332
2024-12-21 07:00:00,bronx,,9.5,31.666666666666668
2024-12-21 07:00:00,brooklyn,,,34.666666666666664
2024-12-21 07:00:00,manhattan,18.0,9.0,30.0
2024-12-21 07:00:00,queens,,12.0,34.333333333333336
2024-12-21 07:00:00,staten_island,12.0,,22.0
2024-12-21 08:00:00,bronx,,16.0,28.333333333333332
2024-12-21 08:00:00,brooklyn,,,30.0
2024-12-21 08:00:00,manhattan,13.0,16.0,26.8
2024-12-21 08:00:00,queens,,19.0,30.666666666666668
2024-12-21 08:00:00,staten_island,8.0,,21.666666666666668
2024-12-21 09:00:00,bronx,,21.5,24.333333333333332
2024-12-21 09:00:00,brooklyn,,,26.0
2024-12-21 09:00:00,manhattan,9.0,21.0,24.0
2024-12-21 09:00:00,queens,,23.0,26.666666666666668
2024-12-21 09:00:00,staten_island,5.0,,18.666666666666668
2024-12-21 10:00:00,bronx,,25.5,22.666666666666668
2024-12-21 10:00:00,brooklyn,,,22.666666666666668
2024-12-21 10:00:00,manhattan,7.0,26.0,20.0
2024-12-21 10:00:00,queens,,25.0,24.0
2024-12-21 10:00:00,staten_island,4.0,,13.333333333333334
2024-12-21 11:00:00,bronx,,27.5,21.0
2024-12-21 11:00:00,brooklyn,,,21.333333333333332
2024-12-21 11:00:00,manhattan,6.0,27.5,18.2
2024-12-21 11:00:00,queens,,28.0,23.0
2024-12-21 11:00:00,staten_island,4.0,,11.333333333333334
2024-12-21 12:00:00,bronx,,29.5,21.0
2024-12-21 12:00:00,brooklyn,,,20.666666666666668
2024-12-21 12:00:00,manhattan,7.0,30.0,17.8
2024-12-21 12:00:00,queens,,31.0,21.666666666666668
2024-12-21 12:00:00,staten_island,4.0,,12.333333333333334
2024-12-21 13:00:00,bronx,,29.0,19.666666666666668
2024-12-21 13:00:00,brooklyn,,,22.0
2024-12-21 13:00:00,manhattan,7.0,29.0,19.6
2024-12-21 13:00:00,queens,,31.0,22.333333333333332
2024-12-21 13:00:00,staten_island,4.0,,14.333333333333334
2024-12-21 14:00:00,bronx,,29.5,20.333333333333332
2024-12-21 14:00:00,brooklyn,,,24.666666666666668
2024-12-21 14:00:00,manhattan,8.0,28.5,19.6
2024-12-21 14:00:00,queens,,28.0,25.0
2024-12-21 14:00:00,staten_island,5.0,,19.0
2024-12-21 15:00:00,bronx,,29.0,20.666666666666668
2024-12-21 15:00:00,brooklyn,,,26.333333333333332
2024-12-21 15:00:00,manhattan,8.0,28.5,19.0
2024-12-21 15:00:00,queens,,27.0,27.333333333333332
2024-12-21 15:00:00,staten_island,6.0,,12.333333333333334
2024-12-21 16:00:00,bronx,,30.0,21.0
2024-12-21 16:00:00,brooklyn,,,25.666666666666668
2024-12-21 16:00:00,manhattan,8.0,30.5,19.2
2024-12-21 16:00:00,queens,,29.0,26.666666666666668
2024-12-21 16:00:00,staten_island,5.0,,12.666666666666666
2024-12-21 17:00:00,bronx,,29.5,20.666666666666668
2024-12-21 17:00:00,brooklyn,,,23.333333333333332
2024-12-21 17:00:00,manhattan,9.0,30.0,19.6
2024-12-21 17:00:00,queens,,31.0,24.0
2024-12-21 17:00:00,staten_island,7.0,,13.0
2024-12-21 18:00:00,bronx,,30.0,19.0
2024-12-21 18:00:00,brooklyn,,,26.0
2024-12-21 18:00:00,manhattan,8.0,31.0,18.6
2024-12-21 18:00:00,queens,,31.0,26.666666666666668
2024-12-21 18:00:00,staten_island,8.0,,13.333333333333334
2024-12-21 19:00:00,bronx,,30.0,19.0
2024-12-21 19:00:00,brooklyn,,,28.333333333333332
2024-12-21 19:00:00,manhattan,8.0,30.5,18.8
2024-12-21 19:00:00,queens,,31.0,28.666666666666668
2024-12-21 19:00:00,staten_island,6.0,,13.666666666666666
2024-12-21 20:00:00,bronx,,29.0,19.666666666666668
2024-12-21 20:00:00,brooklyn,,,29.333333333333332
2024-12-21 20:00:00,manhattan,10.0,30.0,19.2
2024-12-21 20:00:00,queens,,30.0,29.333333333333332
2024-12-21 20:00:00,staten_island,7.0,,12.333333333333334
2024-12-21 21:00:00,bronx,,29.0,20.0
2024-12-21 21:00:00,brooklyn,,,29.0
2024-12-21 21:00:00,manhattan,10.0,29.5,19.8
2024-12-21 21:00:00,queens,,28.0,29.0
2024-12-21 21:00:00,staten_island,6.0,,13.0
2024-12-21 22:00:00,bronx,,27.5,21.0
2024-12-21 22:00:00,brooklyn,,,29.333333333333332
2024-12-21 22:00:00,manhattan,10.0,27.5,21.4
2024-12-21 22:00:00,queens,,28.0,30.0
2024-12-21 22:00:00,staten_island,7.0,,15.333333333333334
2024-12-21 23:00:00,bronx,,26.0,21.333333333333332
2024-12-21 23:00:00,brooklyn,,,28.333333333333332
2024-12-21 23:00:00,manhattan,8.0,25.5,21.2
2024-12-21 23:00:00,queens,,28.0,29.0
2024-12-21 23:00:00,staten_island,6.0,,14.333333333333334
2024-12-22 00:00:00,bronx,,26.5,21.0
2024-12-22 00:00:00,brooklyn,,,25.0
2024-12-22 00:00:00,manhattan,,26.0,21.2
2024-12-22 00:00:00,queens,,28.0,25.333333333333332
2024-12-22 00:00:00,staten_island,6.0,,14.333333333333334
2024-12-22 01:00:00,bronx,,26.0,21.333333333333332
2024-12-22 01:00:00,brooklyn,,,24.666666666666668
2024-12-22 01:00:00,manhattan,,26.0,21.8
2024-12-22 01:00:00,queens,,28.0,24.666666666666668
2024-12-22 01:00:00,staten_island,,,14.666666666666666
2024-12-22 02:00:00,bronx,,26.5,22.0
2024-12-22 02:00:00,brooklyn,,,23.666666666666668
2024-12-22 02:00:00,manhattan,,25.5,21.8
2024-12-22 02:00:00,queens,,28.0,24.0
2024-12-22 02:00:00,staten_island,,,15.666666666666666
2024-12-22 03:00:00,bronx,,25.0,22.0
2024-12-22 03:00:00,brooklyn,,,22.0
2024-12-22 03:00:00,manhattan,,24.0,21.4
2024-12-22 03:00:00,queens,,25.0,22.333333333333332
2024-12-22 03:00:00,staten_island,,,16.0
2024-12-22 04:00:00,bronx,,24.5,22.666666666666668
2024-12-22 04:00:00,brooklyn,,,23.0
2024-12-22 04:00:00,manhattan,9.0,24.0,22.0
2024-12-22 04:00:00,queens,,27.0,23.666666666666668
2024-12-22 04:00:00,staten_island,8.0,,16.666666666666668
2024-12-22 05:00:00,bronx,,25.5,22.666666666666668
2024-12-22 05:00:00,brooklyn,,,24.666666666666668
2024-12-22 05:00:00,manhattan,12.0,24.5,22.8
2024-12-22 05:00:00,queens,,28.0,25.333333333333332
2024-12-22 05:00:00,staten_island,8.0,,16.666666666666668
2024-12-22 06:00:00,bronx,,26.0,23.666666666666668
2024-12-22 06:00:00,brooklyn,,,24.666666666666668
2024-12-22 06:00:00,manhattan,10.0,25.0,23.4
2024-12-22 06:00:00,queens,,28.0,25.333333333333332
2024-12-22 06:00:00,staten_island,13.0,,17.666666666666668
2024-12-22 07:00:00,bronx,,25.5,24.333333333333332
2024-12-22 07:00:00,brooklyn,,,25.333333333333332
2024-12-22 07:00:00,manhattan,8.0,25.5,24.0
2024-12-22 07:00:00,queens,,26.0,26.0
2024-12-22 07:00:00,staten_island,17.0,,17.666666666666668
2024-12-22 08:00:00,bronx,,26.0,24.666666666666668
2024-12-22 08:00:00,brooklyn,,,24.666666666666668
2024-12-22 08:00:00,manhattan,6.0,26.5,23.8
2024-12-22 08:00:00,queens,,25.0,25.0
2024-12-22 08:00:00,staten_island,10.0,,19.0
2024-12-22 09:00:00,bronx,,27.0,23.333333333333332
2024-12-22 09:00:00,brooklyn,,,24.0
2024-12-22 09:00:00,manhattan,5.0,27.0,22.2
2024-12-22 09:00:00,queens,,27.0,24.0
2024-12-22 09:00:00,staten_island,4.0,,17.666666666666668
2024-12-22 10:00:00,bronx,,27.0,20.0
2024-12-22 10:00:00,brooklyn,,,22.0
2024-12-22 10:00:00,manhattan,5.0,26.5,18.2
2024-12-22 10:00:00,queens,,29.0,22.0
2024-12-22 10:00:00,staten_island,3.0,,16.333333333333332
2024-12-22 11:00:00,bronx,,26.5,19.333333333333332
2024-12-22 11:00:00,brooklyn,,,19.333333333333332
2024-12-22 11:00:00,manhattan,5.0,26.0,17.0
2024-12-22 11:00:00,queens,,29.0,19.666666666666668
2024-12-22 11:00:00,staten_island,3.0,,16.333333333333332
2024-12-22 12:00:00,bronx,,27.0,19.333333333333332
2024-12-22 12:00:00,brooklyn,,,19.333333333333332
2024-12-22 12:00:00,manhattan,6.0,26.5,16.6
2024-12-22 12:00:00,queens,,29.0,19.666666666666668
2024-12-22 12:00:00,staten_island,3.0,,15.666666666666666
2024-12-22 13:00:00,bronx,,27.5,20.0
2024-12-22 13:00:00,brooklyn,,,21.666666666666668
2024-12-22 13:00:00,manhattan,5.0,28.0,17.6
2024-12-22 13:00:00,queens,,29.0,22.0
2024-12-22 13:00:00,staten_island,3.0,,15.0
2024-12-22 14:00:00,bronx,,28.5,21.0
2024-12-22 14:00:00,brooklyn,,,23.666666666666668
2024-12-22 14:00:00,manhattan,7.0,30.0,19.2
2024-12-22 14:00:00,queens,,31.0,23.666666666666668
2024-12-22 14:00:00,staten_island,4.0,,15.333333333333334
2024-12-22 15:00:00,bronx,,28.5,21.666666666666668
2024-12-22 15:00:00,brooklyn,,,30.666666666666668
2024-12-22 15:00:00,manhattan,8.0,29.5,21.0
2024-12-22 15:00:00,queens,,31.0,28.333333333333332
2024-12-22 15:00:00,staten_island,5.0,,16.0
2024-12-22 16:00:00,bronx,,28.5,24.666666666666668
2024-12-22 16:00:00,brooklyn,,,29.333333333333332
2024-12-22 16:00:00,manhattan,12.0,29.5,23.0
2024-12-22 16:00:00,queens,,30.0,27.666666666666668
2024-12-22 16:00:00,staten_island,8.0,,16.0
2024-12-22 17:00:00,bronx,,26.5,25.0
2024-12-22 17:00:00,brooklyn,,,30.666666666666668
2024-12-22 17:00:00,manhattan,19.0,27.0,25.4
2024-12-22 17:00:00,queens,,27.0,29.333333333333332
2024-12-22 17:00:00,staten_island,9.0,,17.0
2024-12-22 18:00:00,bronx,,23.5,27.666666666666668
2024-12-22 18:00:00,brooklyn,,,33.666666666666664
2024-12-22 18:00:00,manhattan,21.0,24.5,28.6
2024-12-22 18:00:00,queens,,25.0,32.666666666666664
2024-12-22 18:00:00,staten_island,12.0,,21.333333333333332
2024-12-22 19:00:00,bronx,,20.5,27.333333333333332
2024-12-22 19:00:00,brooklyn,,,35.666666666666664
2024-12-22 19:00:00,manhattan,20.0,22.0,29.2
2024-12-22 19:00:00,queens,,22.0,35.666666666666664
2024-12-22 19:00:00,staten_island,9.0,,22.0
2024-12-22 20:00:00,bronx,,20.5,27.0
2024-12-22 20:00:00,brooklyn,,,35.0
2024-12-22 20:00:00,manhattan,17.0,22.0,28.4
2024-12-22 20:00:00,queens,,24.0,35.0
2024-12-22 20:00:00,staten_island,11.0,,22.0
2024-12-22 21:00:00,bronx,,19.5,27.0
2024-12-22 21:00:00,brooklyn,,,34.333333333333336
2024-12-22 21:00:00,manhattan,14.0,21.5,29.0
2024-12-22 21:00:00,queens,,25.0,34.0
2024-12-22 21:00:00,staten_island,10.0,,21.333333333333332
2024-12-22 22:00:00,bronx,,19.0,26.333333333333332
2024-12-22 22:00:00,brooklyn,,,33.333333333333336
2024-12-22 22:00:00,manhattan,16.0,21.0,28.2
2024-12-22 22:00:00,queens,,20.0,33.0
2024-12-22 22:00:00,staten_island,11.0,,20.333333333333332
2024-12-22 23:00:00,bronx,,21.0,25.666666666666668
2024-12-22 23:00:00,brooklyn,,,30.333333333333332
2024-12-22 23:00:00,manhattan,17.0,21.5,27.4
2024-12-22 23:00:00,queens,,21.0,29.666666666666668
2024-12-22 23:00:00,staten_island,12.0,,18.0
2024-12-23 00:00:00,bronx,,22.5,24.0
2024-12-23 00:00:00,brooklyn,,,27.0
2024-12-23 00:00:00,manhattan,18.0,22.5,25.6
2024-12-23 00:00:00,queens,,23.0,26.333333333333332
2024-12-23 00:00:00,staten_island,13.0,,16.666666666666668
2024-12-23 01:00:00,bronx,,23.5,24.333333333333332
2024-12-23 01:00:00,brooklyn,,,25.333333333333332
2024-12-23 01:00:00,manhattan,18.0,22.0,27.6
2024-12-23 01:00:00,queens,,19.0,25.0
2024-12-23 01:00:00,staten_island,17.0,,16.0
2024-12-23 02:00:00,bronx,,23.0,23.666666666666668
2024-12-23 02:00:00,brooklyn,,,24.0
2024-12-23 02:00:00,manhattan,19.0,21.0,25.4
2024-12-23 02:00:00,queens,,19.0,24.666666666666668
2024-12-23 02:00:00,staten_island,21.0,,16.666666666666668
2024-12-23 03:00:00,bronx,,23.0,23.0
2024-12-23 03:00:00,brooklyn,,,23.333333333333332
2024-12-23 03:00:00,manhattan,17.0,20.0,23.8
2024-12-23 03:00:00,queens,,18.0,23.666666666666668
2024-12-23 03:00:00,staten_island,25.0,,16.666666666666668
2024-12-23 04:00:00,bronx,,22.0,23.0
2024-12-23 04:00:00,brooklyn,,,23.0
2024-12-23 04:00:00,manhattan,30.0,19.0,23.6
2024-12-23 04:00:00,queens,,12.0,23.666666666666668
2024-12-23 04:00:00,staten_island,28.0,,17.0
2024-12-23 05:00:00,bronx,,18.0,25.0
2024-12-23 05:00:00,brooklyn,,,26.666666666666668
2024-12-23 05:00:00,manhattan,36.0,16.5,27.0
2024-12-23 05:00:00,queens,,10.0,27.0
2024-12-23 05:00:00,staten_island,31.0,,20.333333333333332
2024-12-23 06:00:00,bronx,,16.0,24.0
2024-12-23 06:00:00,brooklyn,,,27.666666666666668
2024-12-23 06:00:00,manhattan,40.0,15.5,24.8
2024-12-23 06:00:00,queens,,10.0,27.666666666666668
2024-12-23 06:00:00,staten_island,33.0,,21.0
2024-12-23 07:00:00,bronx,,14.0,26.333333333333332
2024-12-23 07:00:00,brooklyn,,,28.666666666666668
2024-12-23 07:00:00,manhattan,40.0,13.0,26.2
2024-12-23 07:00:00,queens,,8.0,28.666666666666668
2024-12-23 07:00:00,staten_island,37.0,,21.333333333333332
2024-12-23 08:00:00,bronx,,15.0,30.333333333333332
2024-12-23 08:00:00,brooklyn,,,31.0
2024-12-23 08:00:00,manhattan,39.0,14.5,28.2
2024-12-23 08:00:00,queens,,11.0,30.333333333333332
2024-12-23 08:00:00,staten_island,36.0,,25.0
2024-12-23 09:00:00,bronx,,13.5,32.666666666666664
2024-12-23 09:00:00,brooklyn,,,32.0
2024-12-23 09:00:00,manhattan,30.0,13.0,30.0
2024-12-23 09:00:00,queens,,15.0,29.666666666666668
2024-12-23 09:00:00,staten_island,38.0,,27.333333333333332
2024-12-23 10:00:00,bronx,,14.0,36.0
2024-12-23 10:00:00,brooklyn,,,35.333333333333336
2024-12-23 10:00:00,manhattan,30.0,13.0,32.4
2024-12-23 10:00:00,queens,,18.0,31.333333333333332
2024-12-23 10:00:00,staten_island,37.0,,37.666666666666664
2024-12-23 11:00:00,bronx,,12.5,38.0
2024-12-23 11:00:00,brooklyn,,,44.666666666666664
2024-12-23 11:00:00,manhattan,27.0,12.0,36.4
2024-12-23 11:00:00,queens,,14.0,41.666666666666664
2024-12-23 11:00:00,staten_island,25.0,,41.0
2024-12-23 12:00:00,bronx,,13.0,35.666666666666664
2024-12-23 12:00:00,brooklyn,,,44.0
2024-12-23 12:00:00,manhattan,28.0,12.5,33.8
2024-12-23 12:00:00,queens,,11.0,42.333333333333336
2024-12-23 12:00:00,staten_island,22.0,,32.666666666666664
2024-12-23 13:00:00,bronx,,12.5,37.333333333333336
2024-12-23 13:00:00,brooklyn,,,40.0
2024-12-23 13:00:00,manhattan,26.0,13.0,40.0
2024-12-23 13:00:00,queens,,12.0,40.0
2024-12-23 13:00:00,staten_island,30.0,,26.333333333333332
2024-12-23 14:00:00,bronx,,9.0,41.666666666666664
2024-12-23 14:00:00,brooklyn,,,41.0
2024-12-23 14:00:00,manhattan,40.0,9.0,43.0
2024-12-23 14:00:00,queens,,13.0,41.333333333333336
2024-12-23 14:00:00,staten_island,34.0,,30.0
2024-12-23 15:00:00,bronx,,8.5,43.666666666666664
2024-12-23 15:00:00,brooklyn,,,39.0
2024-12-23 15:00:00,manhattan,43.0,8.5,45.4
2024-12-23 15:00:00,queens,,9.0,39.333333333333336
2024-12-23 15:00:00,staten_island,40.0,,34.0
2024-12-23 16:00:00,bronx,,5.5,41.666666666666664
2024-12-23 16:00:00,brooklyn,,,39.0
2024-12-23 16:00:00,manhattan,46.0,6.0,46.4
2024-12-23 16:00:00,queens,,6.0,40.0
2024-12-23 16:00:00,staten_island,42.0,,35.666666666666664
2024-12-23 17:00:00,bronx,,3.5,40.0
2024-12-23 17:00:00,brooklyn,,,36.666666666666664
2024-12-23 17:00:00,manhattan,44.0,5.0,45.4
2024-12-23 17:00:00,queens,,6.0,37.666666666666664
2024-12-23 17:00:00,staten_island,41.0,,38.666666666666664
2024-12-23 18:00:00,bronx,,3.0,37.333333333333336
2024-12-23 18:00:00,brooklyn,,,35.333333333333336
2024-12-23 18:00:00,manhattan,38.0,3.5,42.8
2024-12-23 18:00:00,queens,,4.0,36.666666666666664
2024-12-23 18:00:00,staten_island,38.0,,35.0
2024-12-23 19:00:00,bronx,,3.5,35.666666666666664
2024-12-23 19:00:00,brooklyn,,,33.666666666666664
2024-12-23 19:00:00,manhattan,40.0,3.5,41.6
2024-12-23 19:00:00,queens,,5.0,35.0
2024-12-23 19:00:00,staten_island,37.0,,34.333333333333336
2024-12-23 20:00:00,bronx,,4.5,35.0
2024-12-23 20:00:00,brooklyn,,,33.0
2024-12-23 20:00:00,manhattan,40.0,4.5,40.0
2024-12-23 20:00:00,queens,,10.0,34.0
2024-12-23 20:00:00,staten_island,40.0,,31.666666666666668
2024-12-23 21:00:00,bronx,,8.5,33.0
2024-12-23 21:00:00,brooklyn,,,30.666666666666668
2024-12-23 21:00:00,manhattan,30.0,8.0,38.8
2024-12-23 21:00:00,queens,,12.0,31.333333333333332
2024-12-23 21:00:00,staten_island,37.0,,29.666666666666668
2024-12-23 22:00:00,bronx,,11.0,31.0
2024-12-23 22:00:00,brooklyn,,,28.333333333333332
2024-12-23 22:00:00,manhattan,25.0,11.5,34.6
2024-12-23 22:00:00,queens,,15.0,29.333333333333332
2024-12-23 22:00:00,staten_island,30.0,,29.666666666666668
2024-12-23 23:00:00,bronx,,11.0,28.0
2024-12-23 23:00:00,brooklyn,,,27.0
2024-12-23 23:00:00,manhattan,28.0,13.0,30.4
2024-12-23 23:00:00,queens,,14.0,27.333333333333332
2024-12-23 23:00:00,staten_island,25.0,,27.0
2024-12-24 00:00:00,bronx,,13.5,24.666666666666668
2024-12-24 00:00:00,brooklyn,,,26.333333333333332
2024-12-24 00:00:00,manhattan,27.0,17.5,27.8
2024-12-24 00:00:00,queens,,18.0,26.666666666666668
2024-12-24 00:00:00,staten_island,19.0,,27.0
2024-12-24 01:00:00,bronx,,14.0,26.0
2024-12-24 01:00:00,brooklyn,,,29.0
2024-12-24 01:00:00,manhattan,28.0,15.0,28.6
2024-12-24 01:00:00,queens,,18.0,29.666666666666668
2024-12-24 01:00:00,staten_island,22.0,,28.0
2024-12-24 02:00:00,bronx,,11.0,29.0
2024-12-24 02:00:00,brooklyn,,,30.666666666666668
2024-12-24 02:00:00,manhattan,26.0,13.0,32.2
2024-12-24 02:00:00,queens,,19.0,30.333333333333332
2024-12-24 02:00:00,staten_island,26.0,,29.0
2024-12-24 03:00:00,bronx,,10.0,33.666666666666664
2024-12-24 03:00:00,brooklyn,,,39.333333333333336
2024-12-24 03:00:00,manhattan,27.0,10.5,35.2
2024-12-24 03:00:00,queens,,17.0,36.333333333333336
2024-12-24 03:00:00,staten_island,25.0,,36.0
2024-12-24 04:00:00,bronx,,8.0,39.666666666666664
2024-12-24 04:00:00,brooklyn,,,49.666666666666664
2024-12-24 04:00:00,manhattan,28.0,9.0,38.4
2024-12-24 04:00:00,queens,,13.0,47.0
2024-12-24 04:00:00,staten_island,30.0,,39.0
2024-12-24 05:00:00,bronx,,9.5,43.333333333333336
2024-12-24 05:00:00,brooklyn,,,53.0
2024-12-24 05:00:00,manhattan,33.0,8.5,41.2
2024-12-24 05:00:00,queens,,12.0,51.666666666666664
2024-12-24 05:00:00,staten_island,31.0,,43.0
2024-12-24 06:00:00,bronx,,8.0,45.0
2024-12-24 06:00:00,brooklyn,,,53.0
2024-12-24 06:00:00,manhattan,37.0,7.0,43.4
2024-12-24 06:00:00,queens,,8.0,52.0
2024-12-24 06:00:00,staten_island,30.0,,46.0
2024-12-24 07:00:00,bronx,,8.5,48.666666666666664
2024-12-24 07:00:00,brooklyn,,,55.0
2024-12-24 07:00:00,manhattan,36.0,5.5,48.0
2024-12-24 07:00:00,queens,,6.0,53.666666666666664
2024-12-24 07:00:00,staten_island,27.0,,50.0
2024-12-24 08:00:00,bronx,,9.5,52.0
2024-12-24 08:00:00,brooklyn,,,55.666666666666664
2024-12-24 08:00:00,manhattan,24.0,7.5,53.0
2024-12-24 08:00:00,queens,,6.0,55.333333333333336
2024-12-24 08:00:00,staten_island,23.0,,53.0
2024-12-24 09:00:00,bronx,,10.0,54.0
2024-12-24 09:00:00,brooklyn,,,56.333333333333336
2024-12-24 09:00:00,manhattan,22.0,7.0,53.8
2024-12-24 09:00:00,queens,,10.0,56.666666666666664
2024-12-24 09:00:00,staten_island,19.0,,52.0
2024-12-24 10:00:00,bronx,,10.5,55.0
2024-12-24 10:00:00,brooklyn,,,58.333333333333336
2024-12-24 10:00:00,manhattan,20.0,9.0,52.2
2024-12-24 10:00:00,queens,,11.0,58.333333333333336
2024-12-24 10:00:00,staten_island,19.0,,50.666666666666664
2024-12-24 11:00:00,bronx,,10.5,54.0
2024-12-24 11:00:00,brooklyn,,,60.0
2024-12-24 11:00:00,manhattan,22.0,9.0,49.2
2024-12-24 11:00:00,queens,,11.0,60.333333333333336
2024-12-24 11:00:00,staten_island,19.0,,50.666666666666664
2024-12-24 12:00:00,bronx,,11.0,56.0
2024-12-24 12:00:00,brooklyn,,,62.333333333333336
2024-12-24 12:00:00,manhattan,21.0,9.0,52.6
2024-12-24 12:00:00,queens,,10.0,62.333333333333336
2024-12-24 12:00:00,staten_island,17.0,,52.0
2024-12-24 13:00:00,bronx,,14.0,58.666666666666664
2024-12-24 13:00:00,brooklyn,,,63.666666666666664
2024-12-24 13:00:00,manhattan,19.0,12.5,56.4
2024-12-24 13:00:00,queens,,12.0,63.666666666666664
2024-12-24 13:00:00,staten_island,12.0,,52.333333333333336
2024-12-24 14:00:00,bronx,,13.5,59.666666666666664
2024-12-24 14:00:00,brooklyn,,,63.333333333333336
2024-12-24 14:00:00,manhattan,20.0,13.0,58.6
2024-12-24 14:00:00,queens,,12.0,64.0
2024-12-24 14:00:00,staten_island,14.0,,55.0
2024-12-24 15:00:00,bronx,,15.5,57.0
2024-12-24 15:00:00,brooklyn,,,65.33333333333333
2024-12-24 15:00:00,manhattan,17.0,15.5,55.4
2024-12-24 15:00:00,queens,,10.0,65.0
2024-12-24 15:00:00,staten_island,17.0,,56.333333333333336
2024-12-24 16:00:00,bronx,,15.5,54.333333333333336
2024-12-24 16:00:00,brooklyn,,,60.0
2024-12-24 16:00:00,manhattan,23.0,14.0,54.2
2024-12-24 16:00:00,queens,,12.0,58.666666666666664
2024-12-24 16:00:00,staten_island,19.0,,56.333333333333336
2024-12-24 17:00:00,bronx,,14.5,53.333333333333336
2024-12-24 17:00:00,brooklyn,,,57.333333333333336
2024-12-24 17:00:00,manhattan,20.0,16.0,53.2
2024-12-24 17:00:00,queens,,13.0,56.666666666666664
2024-12-24 17:00:00,staten_island,19.0,,55.0
2024-12-24 18:00:00,bronx,,13.0,53.333333333333336
2024-12-24 18:00:00,brooklyn,,,57.666666666666664
2024-12-24 18:00:00,manhattan,23.0,14.5,52.0
2024-12-24 18:00:00,queens,,15.0,58.333333333333336
2024-12-24 18:00:00,staten_island,17.0,,52.333333333333336
2024-12-24 19:00:00,bronx,,11.5,53.333333333333336
2024-12-24 19:00:00,brooklyn,,,58.333333333333336
2024-12-24 19:00:00,manhattan,28.0,13.5,52.8
2024-12-24 19:00:00,queens,,13.0,59.666666666666664
2024-12-24 19:00:00,staten_island,11.0,,49.0
2024-12-24 20:00:00,bronx,,9.5,53.333333333333336
2024-12-24 20:00:00,brooklyn,,,61.0
2024-12-24 20:00:00,manhattan,25.0,12.0,54.2
2024-12-24 20:00:00,queens,,11.0,63.0
2024-12-24 20:00:00,staten_island,15.0,,44.333333333333336
2024-12-24 21:00:00,bronx,,9.0,53.333333333333336
2024-12-24 21:00:00,brooklyn,,,59.666666666666664
2024-12-24 21:00:00,manhattan,25.0,11.0,54.0
2024-12-24 21:00:00,queens,,8.0,61.666666666666664
2024-12-24 21:00:00,staten_island,24.0,,45.666666666666664
2024-12-24 22:00:00,bronx,,10.0,55.333333333333336
2024-12-24 22:00:00,brooklyn,,,57.333333333333336
2024-12-24 22:00:00,manhattan,16.0,10.0,55.6
2024-12-24 22:00:00,queens,,9.0,60.0
2024-12-24 22:00:00,staten_island,28.0,,44.666666666666664
2024-12-24 23:00:00,bronx,,11.0,55.333333333333336
2024-12-24 23:00:00,brooklyn,,,58.666666666666664
2024-12-24 23:00:00,manhattan,11.0,12.0,55.4
2024-12-24 23:00:00,queens,,12.0,60.333333333333336
2024-12-24 23:00:00,staten_island,25.0,,48.333333333333336
2024-12-25 00:00:00,bronx,,9.5,57.333333333333336
2024-12-25 00:00:00,brooklyn,,,57.0
2024-12-25 00:00:00,manhattan,20.0,11.5,55.8
2024-12-25 00:00:00,queens,,8.0,59.0
2024-12-25 00:00:00,staten_island,25.0,,51.666666666666664
2024-12-25 01:00:00,bronx,,8.0,57.666666666666664
2024-12-25 01:00:00,brooklyn,,,58.0
2024-12-25 01:00:00,manhattan,22.0,8.5,57.4
2024-12-25 01:00:00,queens,,7.0,59.333333333333336
2024-12-25 01:00:00,staten_island,28.0,,56.333333333333336
2024-12-25 02:00:00,bronx,,8.0,57.0
2024-12-25 02:00:00,brooklyn,,,59.0
2024-12-25 02:00:00,manhattan,18.0,9.0,57.0
2024-12-25 02:00:00,queens,,9.0,60.0
2024-12-25 02:00:00,staten_island,30.0,,56.333333333333336
2024-12-25 03:00:00,bronx,,7.5,56.333333333333336
2024-12-25 03:00:00,brooklyn,,,58.666666666666664
2024-12-25 03:00:00,manhattan,26.0,9.0,56.6
2024-12-25 03:00:00,queens,,8.0,59.333333333333336
2024-12-25 03:00:00,staten_island,28.0,,56.0
2024-12-25 04:00:00,bronx,,6.0,56.0
2024-12-25 04:00:00,brooklyn,,,58.333333333333336
2024-12-25 04:00:00,manhattan,25.0,7.5,56.2
2024-12-25 04:00:00,queens,,9.0,58.333333333333336
2024-12-25 04:00:00,staten_island,29.0,,55.0
2024-12-25 05:00:00,bronx,,7.0,56.0
2024-12-25 05:00:00,brooklyn,,,58.0
2024-12-25 05:00:00,manhattan,26.0,8.0,55.8
2024-12-25 05:00:00,queens,,7.0,58.333333333333336
2024-12-25 05:00:00,staten_island,30.0,,52.0
2024-12-25 06:00:00,bronx,,7.5,55.333333333333336
2024-12-25 06:00:00,brooklyn,,,58.0
2024-12-25 06:00:00,manhattan,27.0,8.5,55.4
2024-12-25 06:00:00,queens,,6.0,58.333333333333336
2024-12-25 06:00:00,staten_island,28.0,,52.333333333333336
2024-12-25 07:00:00,bronx,,9.0,55.333333333333336
2024-12-25 07:00:00,brooklyn,,,57.0
2024-12-25 07:00:00,manhattan,22.0,10.0,55.8
2024-12-25 07:00:00,queens,,8.0,57.666666666666664
2024-12-25 07:00:00,staten_island,29.0,,52.0
2024-12-25 08:00:00,bronx,,10.5,55.333333333333336
2024-12-25 08:00:00,brooklyn,,,56.666666666666664
2024-12-25 08:00:00,manhattan,18.0,12.0,55.2
2024-12-25 08:00:00,queens,,11.0,58.0
2024-12-25 08:00:00,staten_island,18.0,,55.0
2024-12-25 09:00:00,bronx,,11.5,55.666666666666664
2024-12-25 09:00:00,brooklyn,,,56.0
2024-12-25 09:00:00,manhattan,10.0,13.0,55.6
2024-12-25 09:00:00,queens,,10.0,58.0
2024-12-25 09:00:00,staten_island,16.0,,53.666666666666664
2024-12-25 10:00:00,bronx,,13.5,56.666666666666664
2024-12-25 10:00:00,brooklyn,,,56.666666666666664
2024-12-25 10:00:00,manhattan,8.0,14.0,55.2
2024-12-25 10:00:00,queens,,13.0,58.333333333333336
2024-12-25 10:00:00,staten_island,15.0,,53.666666666666664
2024-12-25 11:00:00,bronx,,16.0,55.0
2024-12-25 11:00:00,brooklyn,,,57.333333333333336
2024-12-25 11:00:00,manhattan,8.0,15.0,53.4
2024-12-25 11:00:00,queens,,17.0,58.666666666666664
2024-12-25 11:00:00,staten_island,14.0,,52.666666666666664
2024-12-25 12:00:00,bronx,,18.5,54.333333333333336
2024-12-25 12:00:00,brooklyn,,,57.333333333333336
2024-12-25 12:00:00,manhattan,9.0,18.5,52.0
2024-12-25 12:00:00,queens,,21.0,57.666666666666664
2024-12-25 12:00:00,staten_island,8.0,,55.0
2024-12-25 13:00:00,bronx,,20.0,49.0
2024-12-25 13:00:00,brooklyn,,,56.666666666666664
2024-12-25 13:00:00,manhattan,8.0,20.0,48.2
2024-12-25 13:00:00,queens,,22.0,55.333333333333336
2024-12-25 13:00:00,staten_island,5.0,,48.666666666666664
2024-12-25 14:00:00,bronx,,22.5,46.0
2024-12-25 14:00:00,brooklyn,,,55.0
2024-12-25 14:00:00,manhattan,7.0,22.5,45.4
2024-12-25 14:00:00,queens,,22.0,54.333333333333336
2024-12-25 14:00:00,staten_island,6.0,,47.333333333333336
2024-12-25 15:00:00,bronx,,23.0,42.0
2024-12-25 15:00:00,brooklyn,,,53.333333333333336
2024-12-25 15:00:00,manhattan,8.0,23.0,39.6
2024-12-25 15:00:00,queens,,21.0,52.666666666666664
2024-12-25 15:00:00,staten_island,6.0,,45.0
2024-12-25 16:00:00,bronx,,20.0,42.666666666666664
2024-12-25 16:00:00,brooklyn,,,51.666666666666664
2024-12-25 16:00:00,manhattan,16.0,21.0,43.6
2024-12-25 16:00:00,queens,,20.0,51.333333333333336
2024-12-25 16:00:00,staten_island,11.0,,42.666666666666664
2024-12-25 17:00:00,bronx,,20.5,43.666666666666664
2024-12-25 17:00:00,brooklyn,,,51.0
2024-12-25 17:00:00,manhattan,17.0,19.0,44.6
2024-12-25 17:00:00,queens,,20.0,51.333333333333336
2024-12-25 17:00:00,staten_island,26.0,,47.333333333333336
2024-12-25 18:00:00,bronx,,19.5,48.0
2024-12-25 18:00:00,brooklyn,,,51.666666666666664
2024-12-25 18:00:00,manhattan,16.0,19.0,48.0
2024-12-25 18:00:00,queens,,20.0,53.0
2024-12-25 18:00:00,staten_island,34.0,,46.666666666666664
2024-12-25 19:00:00,bronx,,19.0,51.666666666666664
2024-12-25 19:00:00,brooklyn,,,54.333333333333336
2024-12-25 19:00:00,manhattan,15.0,18.5,50.4
2024-12-25 19:00:00,queens,,19.0,55.0
2024-12-25 19:00:00,staten_island,35.0,,52.0
2024-12-25 20:00:00,bronx,,19.5,50.666666666666664
2024-12-25 20:00:00,brooklyn,,,54.666666666666664
2024-12-25 20:00:00,manhattan,12.0,18.5,49.6
2024-12-25 20:00:00,queens,,19.0,55.333333333333336
2024-12-25 20:00:00,staten_island,27.0,,54.333333333333336
2024-12-25 21:00:00,bronx,,20.0,49.333333333333336
2024-12-25 21:00:00,brooklyn,,,54.333333333333336
2024-12-25 21:00:00,manhattan,12.0,19.0,48.8
2024-12-25 21:00:00,queens,,19.0,55.0
2024-12-25 21:00:00,staten_island,21.0,,54.333333333333336
2024-12-25 22:00:00,bronx,,20.5,46.333333333333336
2024-12-25 22:00:00,brooklyn,,,52.666666666666664
2024-12-25 22:00:00,manhattan,16.0,19.5,48.0
2024-12-25 22:00:00,queens,,19.0,53.333333333333336
2024-12-25 22:00:00,staten_island,24.0,,52.666666666666664
2024-12-25 23:00:00,bronx,,21.5,45.0
2024-12-25 23:00:00,brooklyn,,,52.333333333333336
2024-12-25 23:00:00,manhattan,16.0,20.5,46.2
2024-12-25 23:00:00,queens,,19.0,52.666666666666664
2024-12-25 23:00:00,staten_island,23.0,,51.0
2024-12-26 00:00:00,bronx,,20.5,43.666666666666664
2024-12-26 00:00:00,brooklyn,,,51.0
2024-12-26 00:00:00,manhattan,16.0,18.5,44.8
2024-12-26 00:00:00,queens,,19.0,51.333333333333336
2024-12-26 00:00:00,staten_island,19.0,,46.333333333333336
2024-12-26 01:00:00,bronx,,19.0,45.333333333333336
2024-12-26 01:00:00,brooklyn,,,51.666666666666664
2024-12-26 01:00:00,manhattan,21.0,17.5,44.8
2024-12-26 01:00:00,queens,,17.0,52.0
2024-12-26 01:00:00,staten_island,20.0,,44.0
2024-12-26 02:00:00,bronx,,17.0,46.333333333333336
2024-12-26 02:00:00,brooklyn,,,51.666666666666664
2024-12-26 02:00:00,manhattan,18.0,16.5,46.2
2024-12-26 02:00:00,queens,,18.0,51.666666666666664
2024-12-26 02:00:00,staten_island,22.0,,44.666666666666664
2024-12-26 03:00:00,bronx,,16.5,46.0
2024-12-26 03:00:00,brooklyn,,,51.666666666666664
2024-12-26 03:00:00,manhattan,21.0,16.0,46.8
2024-12-26 03:00:00,queens,,11.0,51.0
2024-12-26 03:00:00,staten_island,23.0,,43.666666666666664
2024-12-26 04:00:00,bronx,,14.0,45.666666666666664
2024-12-26 04:00:00,brooklyn,,,51.0
2024-12-26 04:00:00,manhattan,23.0,12.5,45.2
2024-12-26 04:00:00,queens,,10.0,49.333333333333336
2024-12-26 04:00:00,staten_island,27.0,,42.333333333333336
2024-12-26 05:00:00,bronx,,13.0,45.333333333333336
2024-12-26 05:00:00,brooklyn,,,51.333333333333336
2024-12-26 05:00:00,manhattan,28.0,12.0,44.6
2024-12-26 05:00:00,queens,,11.0,49.333333333333336
2024-12-26 05:00:00,staten_island,30.0,,42.666666666666664
2024-12-26 06:00:00,bronx,,12.5,45.333333333333336
2024-12-26 06:00:00,brooklyn,,,51.333333333333336
2024-12-26 06:00:00,manhattan,31.0,12.0,44.8
2024-12-26 06:00:00,queens,,11.0,49.0
2024-12-26 06:00:00,staten_island,34.0,,43.666666666666664
2024-12-26 07:00:00,bronx,,13.0,46.333333333333336
2024-12-26 07:00:00,brooklyn,,,52.333333333333336
2024-12-26 07:00:00,manhattan,27.0,11.5,44.2
2024-12-26 07:00:00,queens,,8.0,49.666666666666664
2024-12-26 07:00:00,staten_island,39.0,,45.666666666666664
2024-12-26 08:00:00,bronx,,12.5,46.333333333333336
2024-12-26 08:00:00,brooklyn,,,52.666666666666664
2024-12-26 08:00:00,manhattan,22.0,12.0,42.0
2024-12-26 08:00:00,queens,,11.0,50.0
2024-12-26 08:00:00,staten_island,32.0,,45.666666666666664
2024-12-26 09:00:00,bronx,,15.5,47.666666666666664
2024-12-26 09:00:00,brooklyn,,,56.0
2024-12-26 09:00:00,manhattan,20.0,15.5,44.8
2024-12-26 09:00:00,queens,,14.0,52.333333333333336
2024-12-26 09:00:00,staten_island,27.0,,45.0
2024-12-26 10:00:00,bronx,,16.5,49.333333333333336
2024-12-26 10:00:00,brooklyn,,,58.333333333333336
2024-12-26 10:00:00,manhattan,17.0,16.5,43.6
2024-12-26 10:00:00,queens,,17.0,53.333333333333336
2024-12-26 10:00:00,staten_island,25.0,,48.333333333333336
2024-12-26 11:00:00,bronx,,18.0,48.0
2024-12-26 11:00:00,brooklyn,,,59.0
2024-12-26 11:00:00,manhattan,14.0,17.5,41.2
2024-12-26 11:00:00,queens,,18.0,54.0
2024-12-26 11:00:00,staten_island,28.0,,49.333333333333336
2024-12-26 12:00:00,bronx,,18.5,49.333333333333336
2024-12-26 12:00:00,brooklyn,,,59.333333333333336
2024-12-26 12:00:00,manhattan,14.0,18.0,47.0
2024-12-26 12:00:00,queens,,22.0,54.0
2024-12-26 12:00:00,staten_island,23.0,,53.333333333333336
2024-12-26 13:00:00,bronx,,20.0,49.666666666666664
2024-12-26 13:00:00,brooklyn,,,59.0
2024-12-26 13:00:00,manhattan,15.0,19.0,49.8
2024-12-26 13:00:00,queens,,21.0,56.666666666666664
2024-12-26 13:00:00,staten_island,19.0,,54.0
2024-12-26 14:00:00,bronx,,22.5,47.666666666666664
2024-12-26 14:00:00,brooklyn,,,58.333333333333336
2024-12-26 14:00:00,manhattan,14.0,20.0,48.8
2024-12-26 14:00:00,queens,,21.0,57.333333333333336
2024-12-26 14:00:00,staten_island,33.0,,54.666666666666664
2024-12-26 15:00:00,bronx,,20.5,48.666666666666664
2024-12-26 15:00:00,brooklyn,,,58.333333333333336
2024-12-26 15:00:00,manhattan,19.0,18.5,44.6
2024-12-26 15:00:00,queens,,19.0,57.333333333333336
2024-12-26 15:00:00,staten_island,41.0,,57.333333333333336
2024-12-26 16:00:00,bronx,,17.5,51.666666666666664
2024-12-26 16:00:00,brooklyn,,,59.333333333333336
2024-12-26 16:00:00,manhattan,30.0,16.5,48.0
2024-12-26 16:00:00,queens,,13.0,58.666666666666664
2024-12-26 16:00:00,staten_island,42.0,,59.333333333333336
2024-12-26 17:00:00,bronx,,13.5,53.333333333333336
2024-12-26 17:00:00,brooklyn,,,60.0
2024-12-26 17:00:00,manhattan,30.0,12.0,51.4
2024-12-26 17:00:00,queens,,11.0,59.0
2024-12-26 17:00:00,staten_island,43.0,,60.666666666666664
2024-12-26 18:00:00,bronx,,12.5,53.666666666666664
2024-12-26 18:00:00,brooklyn,,,60.333333333333336
2024-12-26 18:00:00,manhattan,33.0,11.5,53.4
2024-12-26 18:00:00,queens,,9.0,59.666666666666664
2024-12-26 18:00:00,staten_island,47.0,,61.666666666666664
2024-12-26 19:00:00,bronx,,9.0,54.0
2024-12-26 19:00:00,brooklyn,,,61.333333333333336
2024-12-26 19:00:00,manhattan,31.0,8.5,53.4
2024-12-26 19:00:00,queens,,8.0,61.0
2024-12-26 19:00:00,staten_island,45.0,,63.333333333333336
2024-12-26 20:00:00,bronx,,8.0,55.666666666666664
2024-12-26 20:00:00,brooklyn,,,62.0
2024-12-26 20:00:00,manhattan,28.0,6.0,53.4
2024-12-26 20:00:00,queens,,6.0,61.666666666666664
2024-12-26 20:00:00,staten_island,41.0,,62.0
2024-12-26 21:00:00,bronx,,7.5,55.666666666666664
2024-12-26 21:00:00,brooklyn,,,62.333333333333336
2024-12-26 21:00:00,manhattan,28.0,4.5,54.2
2024-12-26 21:00:00,queens,,4.0,62.666666666666664
2024-12-26 21:00:00,staten_island,38.0,,59.333333333333336
2024-12-26 22:00:00,bronx,,6.5,57.0
2024-12-26 22:00:00,brooklyn,,,62.666666666666664
2024-12-26 22:00:00,manhattan,30.0,4.5,55.6
2024-12-26 22:00:00,queens,,3.0,64.66666666666667
2024-12-26 22:00:00,staten_island,39.0,,58.0
2024-12-26 23:00:00,bronx,,4.5,57.666666666666664
2024-12-26 23:00:00,brooklyn,,,63.333333333333336
2024-12-26 23:00:00,manhattan,35.0,4.0,57.2
2024-12-26 23:00:00,queens,,1.0,65.66666666666667
2024-12-26 23:00:00,staten_island,37.0,,56.666666666666664
2024-12-27 00:00:00,bronx,,4.5,58.0
2024-12-27 00:00:00,brooklyn,,,63.666666666666664
2024-12-27 00:00:00,manhattan,33.0,4.0,57.2
2024-12-27 00:00:00,queens,,2.0,65.66666666666667
2024-12-27 00:00:00,staten_island,40.0,,57.0
2024-12-27 01:00:00,bronx,,4.0,58.0
2024-12-27 01:00:00,brooklyn,,,64.0
2024-12-27 01:00:00,manhattan,31.0,5.0,56.6
2024-12-27 01:00:00,queens,,0.0,65.66666666666667
2024-12-27 01:00:00,staten_island,42.0,,56.0
2024-12-27 02:00:00,bronx,,3.5,57.0
2024-12-27 02:00:00,brooklyn,,,63.666666666666664
2024-12-27 02:00:00,manhattan,29.0,6.0,55.8
2024-12-27 02:00:00,queens,,0.0,65.0
2024-12-27 02:00:00,staten_island,40.0,,59.0
2024-12-27 03:00:00,bronx,,4.5,56.0
2024-12-27 03:00:00,brooklyn,,,62.333333333333336
2024-12-27 03:00:00,manhattan,34.0,6.0,54.8
2024-12-27 03:00:00,queens,,0.0,63.333333333333336
2024-12-27 03:00:00,staten_island,42.0,,58.333333333333336
2024-12-27 04:00:00,bronx,,4.0,55.0
2024-12-27 04:00:00,brooklyn,,,61.333333333333336
2024-12-27 04:00:00,manhattan,33.0,6.0,54.4
2024-12-27 04:00:00,queens,,0.0,61.666666666666664
2024-12-27 04:00:00,staten_island,43.0,,57.666666666666664
2024-12-27 05:00:00,bronx,,3.0,54.333333333333336
2024-12-27 05:00:00,brooklyn,,,59.666666666666664
2024-12-27 05:00:00,manhattan,34.0,5.0,54.4
2024-12-27 05:00:00,queens,,1.0,59.0
2024-12-27 05:00:00,staten_island,43.0,,59.0
2024-12-27 06:00:00,bronx,,2.5,55.0
2024-12-27 06:00:00,brooklyn,,,58.666666666666664
2024-12-27 06:00:00,manhattan,38.0,4.0,54.8
2024-12-27 06:00:00,queens,,1.0,57.666666666666664
2024-12-27 06:00:00,staten_island,47.0,,58.666666666666664
2024-12-27 07:00:00,bronx,,4.0,55.333333333333336
2024-12-27 07:00:00,brooklyn,,,59.0
2024-12-27 07:00:00,manhattan,31.0,4.0,54.2
2024-12-27 07:00:00,queens,,2.0,58.0
2024-12-27 07:00:00,staten_island,54.0,,57.666666666666664
2024-12-27 08:00:00,bronx,,5.5,56.666666666666664
2024-12-27 08:00:00,brooklyn,,,60.333333333333336
2024-12-27 08:00:00,manhattan,37.0,5.5,52.6
2024-12-27 08:00:00,queens,,4.0,59.333333333333336
2024-12-27 08:00:00,staten_island,53.0,,57.666666666666664
2024-12-27 09:00:00,bronx,,6.0,58.0
2024-12-27 09:00:00,brooklyn,,,62.0
2024-12-27 09:00:00,manhattan,38.0,6.5,52.4
2024-12-27 09:00:00,queens,,6.0,60.333333333333336
2024-12-27 09:00:00,staten_island,42.0,,59.666666666666664
2024-12-27 10:00:00,bronx,,6.0,60.333333333333336
2024-12-27 10:00:00,brooklyn,,,67.66666666666667
2024-12-27 10:00:00,manhattan,35.0,6.0,57.2
2024-12-27 10:00:00,queens,,6.0,65.0
2024-12-27 10:00:00,staten_island,44.0,,60.0
2024-12-27 11:00:00,bronx,,8.0,62.666666666666664
2024-12-27 11:00:00,brooklyn,,,71.0
2024-12-27 11:00:00,manhattan,27.0,7.5,59.4
2024-12-27 11:00:00,queens,,6.0,69.66666666666667
2024-12-27 11:00:00,staten_island,57.0,,61.333333333333336
2024-12-27 12:00:00,bronx,,7.0,65.66666666666667
2024-12-27 12:00:00,brooklyn,,,70.0
2024-12-27 12:00:00,manhattan,27.0,7.5,61.6
2024-12-27 12:00:00,queens,,6.0,70.33333333333333
2024-12-27 12:00:00,staten_island,49.0,,68.33333333333333
2024-12-27 13:00:00,bronx,,6.5,68.33333333333333
2024-12-27 13:00:00,brooklyn,,,70.33333333333333
2024-12-27 13:00:00,manhattan,33.0,7.5,64.0
2024-12-27 13:00:00,queens,,6.0,73.0
2024-12-27 13:00:00,staten_island,43.0,,70.66666666666667
2024-12-27 14:00:00,bronx,,6.5,66.66666666666667
2024-12-27 14:00:00,brooklyn,,,68.66666666666667
2024-12-27 14:00:00,manhattan,39.0,6.5,64.8
2024-12-27 14:00:00,queens,,6.0,71.66666666666667
2024-12-27 14:00:00,staten_island,47.0,,69.0
2024-12-27 15:00:00,bronx,,5.5,65.33333333333333
2024-12-27 15:00:00,brooklyn,,,69.33333333333333
2024-12-27 15:00:00,manhattan,44.0,5.5,65.0
2024-12-27 15:00:00,queens,,7.0,71.33333333333333
2024-12-27 15:00:00,staten_island,44.0,,70.66666666666667
2024-12-27 16:00:00,bronx,,4.0,67.66666666666667
2024-12-27 16:00:00,brooklyn,,,71.66666666666667
2024-12-27 16:00:00,manhattan,49.0,3.5,67.4
2024-12-27 16:00:00,queens,,5.0,73.0
2024-12-27 16:00:00,staten_island,42.0,,70.66666666666667
2024-12-27 17:00:00,bronx,,4.0,70.66666666666667
2024-12-27 17:00:00,brooklyn,,,74.0
2024-12-27 17:00:00,manhattan,50.0,4.0,70.4
2024-12-27 17:00:00,queens,,5.0,75.0
2024-12-27 17:00:00,staten_island,40.0,,67.33333333333333
2024-12-27 18:00:00,bronx,,3.5,72.33333333333333
2024-12-27 18:00:00,brooklyn,,,75.66666666666667
2024-12-27 18:00:00,manhattan,48.0,3.5,72.0
2024-12-27 18:00:00,queens,,5.0,77.33333333333333
2024-12-27 18:00:00,staten_island,39.0,,68.66666666666667
2024-12-27 19:00:00,bronx,,3.0,72.33333333333333
2024-12-27 19:00:00,brooklyn,,,75.33333333333333
2024-12-27 19:00:00,manhattan,46.0,3.5,70.4
2024-12-27 19:00:00,queens,,4.0,78.33333333333333
2024-12-27 19:00:00,staten_island,39.0,,72.33333333333333
2024-12-27 20:00:00,bronx,,3.0,71.0
2024-12-27 20:00:00,brooklyn,,,74.66666666666667
2024-12-27 20:00:00,manhattan,48.0,4.5,68.8
2024-12-27 20:00:00,queens,,0.0,78.33333333333333
2024-12-27 20:00:00,staten_island,43.0,,72.0
2024-12-27 21:00:00,bronx,,2.0,68.0
2024-12-27 21:00:00,brooklyn,,,73.33333333333333
2024-12-27 21:00:00,manhattan,28.0,3.0,66.4
2024-12-27 21:00:00,queens,,0.0,77.0
2024-12-27 21:00:00,staten_island,42.0,,73.33333333333333
2024-12-27 22:00:00,bronx,,1.0,65.0
2024-12-27 22:00:00,brooklyn,,,68.33333333333333
2024-12-27 22:00:00,manhattan,29.0,3.0,62.8
2024-12-27 22:00:00,queens,,3.0,70.33333333333333
2024-12-27 22:00:00,staten_island,40.0,,71.66666666666667
2024-12-27 23:00:00,bronx,,2.5,55.666666666666664
2024-12-27 23:00:00,brooklyn,,,57.666666666666664
2024-12-27 23:00:00,manhattan,44.0,5.0,55.2
2024-12-27 23:00:00,queens,,3.0,59.666666666666664
2024-12-27 23:00:00,staten_island,41.0,,66.66666666666667
2024-12-28 00:00:00,bronx,,4.0,50.0
2024-12-28 00:00:00,brooklyn,,,50.0
2024-12-28 00:00:00,manhattan,44.0,5.0,52.8
2024-12-28 00:00:00,queens,,5.0,51.0
2024-12-28 00:00:00,staten_island,42.0,,60.666666666666664
2024-12-28 01:00:00,bronx,,5.5,42.0
2024-12-28 01:00:00,brooklyn,,,46.333333333333336
2024-12-28 01:00:00,manhattan,44.0,5.0,49.8
2024-12-28 01:00:00,queens,,12.0,44.333333333333336
2024-12-28 01:00:00,staten_island,41.0,,60.0
2024-12-28 02:00:00,bronx,,6.0,36.333333333333336
2024-12-28 02:00:00,brooklyn,,,41.333333333333336
2024-12-28 02:00:00,manhattan,44.0,5.5,49.0
2024-12-28 02:00:00,queens,,8.0,39.0
2024-12-28 02:00:00,staten_island,41.0,,61.0
2024-12-28 03:00:00,bronx,,5.5,38.666666666666664
2024-12-28 03:00:00,brooklyn,,,37.333333333333336
2024-12-28 03:00:00,manhattan,44.0,6.0,50.8
2024-12-28 03:00:00,queens,,12.0,36.0
2024-12-28 03:00:00,staten_island,41.0,,60.333333333333336
2024-12-28 04:00:00,bronx,,3.0,56.0
2024-12-28 04:00:00,brooklyn,,,38.333333333333336
2024-12-28 04:00:00,manhattan,42.0,3.5,58.2
2024-12-28 04:00:00,queens,,7.0,36.666666666666664
2024-12-28 04:00:00,staten_island,44.0,,60.666666666666664
2024-12-28 05:00:00,bronx,,3.0,65.66666666666667
2024-12-28 05:00:00,brooklyn,,,42.666666666666664
2024-12-28 05:00:00,manhattan,43.0,2.5,65.6
2024-12-28 05:00:00,queens,,6.0,44.0
2024-12-28 05:00:00,staten_island,50.0,,62.333333333333336
2024-12-28 06:00:00,bronx,,3.5,69.0
2024-12-28 06:00:00,brooklyn,,,52.333333333333336
2024-12-28 06:00:00,manhattan,45.0,2.5,69.4
2024-12-28 06:00:00,queens,,6.0,55.0
2024-12-28 06:00:00,staten_island,51.0,,65.0
2024-12-28 07:00:00,bronx,,3.5,71.66666666666667
2024-12-28 07:00:00,brooklyn,,,57.333333333333336
2024-12-28 07:00:00,manhattan,44.0,3.0,71.8
2024-12-28 07:00:00,queens,,5.0,59.333333333333336
2024-12-28 07:00:00,staten_island,62.0,,71.66666666666667
2024-12-28 08:00:00,bronx,,2.5,72.0
2024-12-28 08:00:00,brooklyn,,,63.333333333333336
2024-12-28 08:00:00,manhattan,42.0,3.0,73.4
2024-12-28 08:00:00,queens,,1.0,63.666666666666664
2024-12-28 08:00:00,staten_island,66.0,,79.33333333333333
2024-12-28 09:00:00,bronx,,2.0,70.0
2024-12-28 09:00:00,brooklyn,,,70.33333333333333
2024-12-28 09:00:00,manhattan,42.0,2.0,72.6
2024-12-28 09:00:00,queens,,2.0,69.33333333333333
2024-12-28 09:00:00,staten_island,52.0,,83.66666666666667
2024-12-28 10:00:00,bronx,,2.0,68.66666666666667
2024-12-28 10:00:00,brooklyn,,,75.0
2024-12-28 10:00:00,manhattan,40.0,2.5,68.8
2024-12-28 10:00:00,queens,,3.0,73.33333333333333
2024-12-28 10:00:00,staten_island,47.0,,80.66666666666667
2024-12-28 11:00:00,bronx,,2.0,65.0
2024-12-28 11:00:00,brooklyn,,,75.0
2024-12-28 11:00:00,manhattan,40.0,3.0,63.8
2024-12-28 11:00:00,queens,,4.0,73.0
2024-12-28 11:00:00,staten_island,57.0,,72.33333333333333
2024-12-28 12:00:00,bronx,,1.5,66.66666666666667
2024-12-28 12:00:00,brooklyn,,,76.33333333333333
2024-12-28 12:00:00,manhattan,40.0,2.0,64.2
2024-12-28 12:00:00,queens,,2.0,74.33333333333333
2024-12-28 12:00:00,staten_island,46.0,,70.66666666666667
2024-12-28 13:00:00,bronx,,0.5,70.33333333333333
2024-12-28 13:00:00,brooklyn,,,71.0
2024-12-28 13:00:00,manhattan,41.0,0.5,67.4
2024-12-28 13:00:00,queens,,0.0,70.0
2024-12-28 13:00:00,staten_island,44.0,,68.0
2024-12-28 14:00:00,bronx,,1.0,69.66666666666667
2024-12-28 14:00:00,brooklyn,,,60.666666666666664
2024-12-28 14:00:00,manhattan,34.0,1.0,65.6
2024-12-28 14:00:00,queens,,0.0,61.0
2024-12-28 14:00:00,staten_island,45.0,,64.0
2024-12-28 15:00:00,bronx,,0.5,65.0
2024-12-28 15:00:00,brooklyn,,,56.666666666666664
2024-12-28 15:00:00,manhattan,38.0,0.5,60.2
2024-12-28 15:00:00,queens,,2.0,55.0
2024-12-28 15:00:00,staten_island,42.0,,59.333333333333336
2024-12-28 16:00:00,bronx,,0.5,58.0
2024-12-28 16:00:00,brooklyn,,,54.666666666666664
2024-12-28 16:00:00,manhattan,40.0,0.5,56.6
2024-12-28 16:00:00,queens,,0.0,50.333333333333336
2024-12-28 16:00:00,staten_island,32.0,,51.333333333333336
2024-12-28 17:00:00,bronx,,1.0,55.0
2024-12-28 17:00:00,brooklyn,,,49.333333333333336
2024-12-28 17:00:00,manhattan,30.0,1.0,55.6
2024-12-28 17:00:00,queens,,1.0,44.333333333333336
2024-12-28 17:00:00,staten_island,31.0,,46.333333333333336
2024-12-28 18:00:00,bronx,,1.5,52.0
2024-12-28 18:00:00,brooklyn,,,52.333333333333336
2024-12-28 18:00:00,manhattan,36.0,1.0,50.6
2024-12-28 18:00:00,queens,,0.0,47.0
2024-12-28 18:00:00,staten_island,30.0,,44.0
2024-12-28 19:00:00,bronx,,2.0,49.333333333333336
2024-12-28 19:00:00,brooklyn,,,52.333333333333336
2024-12-28 19:00:00,manhattan,37.0,1.0,47.6
2024-12-28 19:00:00,queens,,2.0,47.333333333333336
2024-12-28 19:00:00,staten_island,31.0,,45.0
2024-12-28 20:00:00,bronx,,1.5,51.333333333333336
2024-12-28 20:00:00,brooklyn,,,50.0
2024-12-28 20:00:00,manhattan,37.0,1.0,50.2
2024-12-28 20:00:00,queens,,2.0,44.0
2024-12-28 20:00:00,staten_island,42.0,,49.333333333333336
2024-12-28 21:00:00,bronx,,1.0,50.666666666666664
2024-12-28 21:00:00,brooklyn,,,45.333333333333336
2024-12-28 21:00:00,manhattan,40.0,1.5,54.6
2024-12-28 21:00:00,queens,,0.0,42.666666666666664
2024-12-28 21:00:00,staten_island,40.0,,49.666666666666664
2024-12-28 22:00:00,bronx,,0.5,49.333333333333336
2024-12-28 22:00:00,brooklyn,,,46.0
2024-12-28 22:00:00,manhattan,42.0,0.5,55.0
2024-12-28 22:00:00,queens,,0.0,43.666666666666664
2024-12-28 22:00:00,staten_island,29.0,,50.333333333333336
2024-12-28 23:00:00,bronx,,0.0,52.0
2024-12-28 23:00:00,brooklyn,,,46.666666666666664
2024-12-28 23:00:00,manhattan,41.0,0.0,55.2
2024-12-28 23:00:00,queens,,0.0,44.666666666666664
2024-12-28 23:00:00,staten_island,27.0,,46.666666666666664
2024-12-29 00:00:00,bronx,,0.0,47.666666666666664
2024-12-29 00:00:00,brooklyn,,,43.333333333333336
2024-12-29 00:00:00,manhattan,,0.0,53.8
2024-12-29 00:00:00,queens,,0.0,42.666666666666664
2024-12-29 00:00:00,staten_island,28.0,,42.0
2024-12-29 01:00:00,bronx,,0.0,50.0
2024-12-29 01:00:00,brooklyn,,,43.666666666666664
2024-12-29 01:00:00,manhattan,,0.0,52.8
2024-12-29 01:00:00,queens,,0.0,43.666666666666664
2024-12-29 01:00:00,staten_island,,,40.333333333333336
2024-12-29 02:00:00,bronx,,0.0,53.0
2024-12-29 02:00:00,brooklyn,,,41.333333333333336
2024-12-29 02:00:00,manhattan,,0.0,52.0
2024-12-29 02:00:00,queens,,0.0,43.0
2024-12-29 02:00:00,staten_island,,,39.0
2024-12-29 03:00:00,bronx,,0.0,54.666666666666664
2024-12-29 03:00:00,brooklyn,,,39.0
2024-12-29 03:00:00,manhattan,,0.5,52.8
2024-12-29 03:00:00,queens,,0.0,40.666666666666664
2024-12-29 03:00:00,staten_island,,,37.666666666666664
2024-12-29 04:00:00,bronx,,1.0,55.333333333333336
2024-12-29 04:00:00,brooklyn,,,36.0
2024-12-29 04:00:00,manhattan,35.0,0.5,53.2
2024-12-29 04:00:00,queens,,0.0,37.666666666666664
2024-12-29 04:00:00,staten_island,26.0,,27.666666666666668
2024-12-29 05:00:00,bronx,,1.5,56.0
2024-12-29 05:00:00,brooklyn,,,37.666666666666664
2024-12-29 05:00:00,manhattan,32.0,0.5,55.8
2024-12-29 05:00:00,queens,,1.0,39.666666666666664
2024-12-29 05:00:00,staten_island,28.0,,32.333333333333336
2024-12-29 06:00:00,bronx,,1.5,48.666666666666664
2024-12-29 06:00:00,brooklyn,,,37.333333333333336
2024-12-29 06:00:00,manhattan,34.0,1.0,53.0
2024-12-29 06:00:00,queens,,1.0,37.666666666666664
2024-12-29 06:00:00,staten_island,39.0,,35.333333333333336
2024-12-29 07:00:00,bronx,,2.0,42.0
2024-12-29 07:00:00,brooklyn,,,35.333333333333336
2024-12-29 07:00:00,manhattan,33.0,2.0,50.4
2024-12-29 07:00:00,queens,,1.0,34.666666666666664
2024-12-29 07:00:00,staten_island,39.0,,41.666666666666664
2024-12-29 08:00:00,bronx,,1.0,39.0
2024-12-29 08:00:00,brooklyn,,,36.0
2024-12-29 08:00:00,manhattan,34.0,1.0,45.0
2024-12-29 08:00:00,queens,,0.0,35.0
2024-12-29 08:00:00,staten_island,36.0,,45.0
2024-12-29 09:00:00,bronx,,1.0,38.666666666666664
2024-12-29 09:00:00,brooklyn,,,42.333333333333336
2024-12-29 09:00:00,manhattan,32.0,1.0,43.8
2024-12-29 09:00:00,queens,,7.0,41.0
2024-12-29 09:00:00,staten_island,33.0,,44.0
2024-12-29 10:00:00,bronx,,1.5,47.333333333333336
2024-12-29 10:00:00,brooklyn,,,43.666666666666664
2024-12-29 10:00:00,manhattan,32.0,1.0,49.2
2024-12-29 10:00:00,queens,,13.0,40.666666666666664
2024-12-29 10:00:00,staten_island,31.0,,43.333333333333336
2024-12-29 11:00:00,bronx,,4.0,52.333333333333336
2024-12-29 11:00:00,brooklyn,,,44.0
2024-12-29 11:00:00,manhattan,31.0,4.0,52.2
2024-12-29 11:00:00,queens,,15.0,39.666666666666664
2024-12-29 11:00:00,staten_island,31.0,,42.333333333333336
2024-12-29 12:00:00,bronx,,9.5,49.666666666666664
2024-12-29 12:00:00,brooklyn,,,46.0
2024-12-29 12:00:00,manhattan,32.0,9.5,52.0
2024-12-29 12:00:00,queens,,21.0,44.333333333333336
2024-12-29 12:00:00,staten_island,28.0,,36.666666666666664
2024-12-29 13:00:00,bronx,,17.5,43.0
2024-12-29 13:00:00,brooklyn,,,44.666666666666664
2024-12-29 13:00:00,manhattan,30.0,16.0,48.0
2024-12-29 13:00:00,queens,,27.0,42.666666666666664
2024-12-29 13:00:00,staten_island,14.0,,33.666666666666664
2024-12-29 14:00:00,bronx,,19.0,37.666666666666664
2024-12-29 14:00:00,brooklyn,,,41.666666666666664
2024-12-29 14:00:00,manhattan,21.0,17.5,43.0
2024-12-29 14:00:00,queens,,31.0,39.333333333333336
2024-12-29 14:00:00,staten_island,8.0,,29.0
2024-12-29 15:00:00,bronx,,22.5,36.0
2024-12-29 15:00:00,brooklyn,,,39.333333333333336
2024-12-29 15:00:00,manhattan,20.0,20.0,38.8
2024-12-29 15:00:00,queens,,30.0,37.0
2024-12-29 15:00:00,staten_island,11.0,,23.666666666666668
2024-12-29 16:00:00,bronx,,27.0,34.0
2024-12-29 16:00:00,brooklyn,,,37.0
2024-12-29 16:00:00,manhattan,19.0,23.0,35.6
2024-12-29 16:00:00,queens,,29.0,35.333333333333336
2024-12-29 16:00:00,staten_island,15.0,,22.333333333333332
2024-12-29 17:00:00,bronx,,30.0,35.666666666666664
2024-12-29 17:00:00,brooklyn,,,37.666666666666664
2024-12-29 17:00:00,manhattan,14.0,27.0,34.6
2024-12-29 17:00:00,queens,,22.0,36.666666666666664
2024-12-29 17:00:00,staten_island,13.0,,24.666666666666668
2024-12-29 18:00:00,bronx,,29.5,36.666666666666664
2024-12-29 18:00:00,brooklyn,,,41.333333333333336
2024-12-29 18:00:00,manhattan,13.0,28.0,34.2
2024-12-29 18:00:00,queens,,27.0,40.666666666666664
2024-12-29 18:00:00,staten_island,16.0,,24.666666666666668
2024-12-29 19:00:00,bronx,,28.5,38.666666666666664
2024-12-29 19:00:00,brooklyn,,,44.0
2024-12-29 19:00:00,manhattan,12.0,26.0,34.0
2024-12-29 19:00:00,queens,,28.0,42.666666666666664
2024-12-29 19:00:00,staten_island,20.0,,24.0
2024-12-29 20:00:00,bronx,,31.0,39.666666666666664
2024-12-29 20:00:00,brooklyn,,,46.333333333333336
2024-12-29 20:00:00,manhattan,11.0,29.5,38.2
2024-12-29 20:00:00,queens,,30.0,43.333333333333336
2024-12-29 20:00:00,staten_island,10.0,,25.666666666666668
2024-12-29 21:00:00,bronx,,33.0,40.333333333333336
2024-12-29 21:00:00,brooklyn,,,47.0
2024-12-29 21:00:00,manhattan,8.0,31.5,37.4
2024-12-29 21:00:00,queens,,31.0,43.666666666666664
2024-12-29 21:00:00,staten_island,8.0,,22.666666666666668
2024-12-29 22:00:00,bronx,,34.0,41.0
2024-12-29 22:00:00,brooklyn,,,48.0
2024-12-29 22:00:00,manhattan,7.0,33.5,39.4
2024-12-29 22:00:00,queens,,33.0,44.666666666666664
2024-12-29 22:00:00,staten_island,7.0,,26.666666666666668
2024-12-29 23:00:00,bronx,,34.5,38.666666666666664
2024-12-29 23:00:00,brooklyn,,,47.666666666666664
2024-12-29 23:00:00,manhattan,6.0,33.0,35.8
2024-12-29 23:00:00,queens,,35.0,44.0
2024-12-29 23:00:00,staten_island,6.0,,24.333333333333332
2024-12-30 00:00:00,bronx,,34.5,40.333333333333336
2024-12-30 00:00:00,brooklyn,,,49.333333333333336
2024-12-30 00:00:00,manhattan,6.0,33.5,35.2
2024-12-30 00:00:00,queens,,35.0,46.0
2024-12-30 00:00:00,staten_island,6.0,,26.666666666666668
2024-12-30 01:00:00,bronx,,37.0,44.0
2024-12-30 01:00:00,brooklyn,,,54.333333333333336
2024-12-30 01:00:00,manhattan,5.0,34.5,41.8
2024-12-30 01:00:00,queens,,35.0,51.0
2024-12-30 01:00:00,staten_island,10.0,,28.666666666666668
2024-12-30 02:00:00,bronx,,37.0,39.333333333333336
2024-12-30 02:00:00,brooklyn,,,50.666666666666664
2024-12-30 02:00:00,manhattan,5.0,35.5,38.4
2024-12-30 02:00:00,queens,,35.0,48.666666666666664
2024-12-30 02:00:00,staten_island,14.0,,27.666666666666668
2024-12-30 03:00:00,bronx,,35.5,32.666666666666664
2024-12-30 03:00:00,brooklyn,,,44.333333333333336
2024-12-30 03:00:00,manhattan,8.0,33.0,29.4
2024-12-30 03:00:00,queens,,35.0,43.666666666666664
2024-12-30 03:00:00,staten_island,16.0,,21.666666666666668
2024-12-30 04:00:00,bronx,,33.5,26.666666666666668
2024-12-30 04:00:00,brooklyn,,,38.666666666666664
2024-12-30 04:00:00,manhattan,10.0,30.5,24.8
2024-12-30 04:00:00,queens,,35.0,35.333333333333336
2024-12-30 04:00:00,staten_island,26.0,,16.666666666666668
2024-12-30 05:00:00,bronx,,26.5,29.333333333333332
2024-12-30 05:00:00,brooklyn,,,35.666666666666664
2024-12-30 05:00:00,manhattan,6.0,24.5,26.0
2024-12-30 05:00:00,queens,,34.0,31.666666666666668
2024-12-30 05:00:00,staten_island,28.0,,16.0
2024-12-30 06:00:00,bronx,,23.0,33.333333333333336
2024-12-30 06:00:00,brooklyn,,,41.0
2024-12-30 06:00:00,manhattan,7.0,21.5,28.8
2024-12-30 06:00:00,queens,,29.0,36.666666666666664
2024-12-30 06:00:00,staten_island,35.0,,18.666666666666668
2024-12-30 07:00:00,bronx,,15.0,38.666666666666664
2024-12-30 07:00:00,brooklyn,,,41.0
2024-12-30 07:00:00,manhattan,13.0,21.0,32.4
2024-12-30 07:00:00,queens,,28.0,37.333333333333336
2024-12-30 07:00:00,staten_island,25.0,,25.333333333333332
2024-12-30 08:00:00,bronx,,19.0,36.666666666666664
2024-12-30 08:00:00,brooklyn,,,42.0
2024-12-30 08:00:00,manhattan,25.0,18.5,31.2
2024-12-30 08:00:00,queens,,16.0,41.0
2024-12-30 08:00:00,staten_island,23.0,,30.333333333333332
2024-12-30 09:00:00,bronx,,18.5,33.333333333333336
2024-12-30 09:00:00,brooklyn,,,41.333333333333336
2024-12-30 09:00:00,manhattan,17.0,15.5,30.2
2024-12-30 09:00:00,queens,,19.0,41.0
2024-12-30 09:00:00,staten_island,14.0,,27.0
2024-12-30 10:00:00,bronx,,24.0,24.0
2024-12-30 10:00:00,brooklyn,,,27.666666666666668
2024-12-30 10:00:00,manhattan,7.0,23.0,20.0
2024-12-30 10:00:00,queens,,23.0,28.0
2024-12-30 10:00:00,staten_island,9.0,,20.666666666666668
2024-12-30 11:00:00,bronx,,27.5,16.666666666666668
2024-12-30 11:00:00,brooklyn,,,21.666666666666668
2024-12-30 11:00:00,manhattan,5.0,27.0,13.8
2024-12-30 11:00:00,queens,,26.0,21.666666666666668
2024-12-30 11:00:00,staten_island,7.0,,11.666666666666666
2024-12-30 12:00:00,bronx,,28.5,15.0
2024-12-30 12:00:00,brooklyn,,,19.666666666666668
2024-12-30 12:00:00,manhattan,5.0,27.0,14.4
2024-12-30 12:00:00,queens,,27.0,19.666666666666668
2024-12-30 12:00:00,staten_island,7.0,,11.333333333333334
2024-12-30 13:00:00,bronx,,27.0,15.0
2024-12-30 13:00:00,brooklyn,,,19.0
2024-12-30 13:00:00,manhattan,4.0,26.5,16.0
2024-12-30 13:00:00,queens,,30.0,19.0
2024-12-30 13:00:00,staten_island,8.0,,11.666666666666666
2024-12-30 14:00:00,bronx,,29.0,16.333333333333332
2024-12-30 14:00:00,brooklyn,,,18.666666666666668
2024-12-30 14:00:00,manhattan,5.0,28.5,17.8
2024-12-30 14:00:00,queens,,29.0,19.333333333333332
2024-12-30 14:00:00,staten_island,8.0,,12.0
2024-12-30 15:00:00,bronx,,30.5,18.333333333333332
2024-12-30 15:00:00,brooklyn,,,20.333333333333332
2024-12-30 15:00:00,manhattan,7.0,29.0,20.8
2024-12-30 15:00:00,queens,,28.0,20.666666666666668
2024-12-30 15:00:00,staten_island,9.0,,11.666666666666666
2024-12-30 16:00:00,bronx,,30.0,20.0
2024-12-30 16:00:00,brooklyn,,,21.0
2024-12-30 16:00:00,manhattan,8.0,28.5,23.4
2024-12-30 16:00:00,queens,,25.0,22.0
2024-12-30 16:00:00,staten_island,9.0,,14.0
2024-12-30 17:00:00,bronx,,26.0,22.0
2024-12-30 17:00:00,brooklyn,,,22.333333333333332
2024-12-30 17:00:00,manhattan,11.0,24.0,24.2
2024-12-30 17:00:00,queens,,27.0,23.0
2024-12-30 17:00:00,staten_island,12.0,,16.0
2024-12-30 18:00:00,bronx,,24.0,23.0
2024-12-30 18:00:00,brooklyn,,,25.0
2024-12-30 18:00:00,manhattan,14.0,23.0,25.4
2024-12-30 18:00:00,queens,,28.0,25.666666666666668
2024-12-30 18:00:00,staten_island,20.0,,19.333333333333332
2024-12-30 19:00:00,bronx,,22.5,25.0
2024-12-30 19:00:00,brooklyn,,,29.0
2024-12-30 19:00:00,manhattan,17.0,20.0,29.4
2024-12-30 19:00:00,queens,,21.0,29.333333333333332
2024-12-30 19:00:00,staten_island,17.0,,25.666666666666668
2024-12-30 20:00:00,bronx,,21.5,26.666666666666668
2024-12-30 20:00:00,brooklyn,,,29.333333333333332
2024-12-30 20:00:00,manhattan,20.0,20.5,32.0
2024-12-30 20:00:00,queens,,24.0,30.0
2024-12-30 20:00:00,staten_island,14.0,,25.0
2024-12-30 21:00:00,bronx,,25.0,25.333333333333332
2024-12-30 21:00:00,brooklyn,,,29.666666666666668
2024-12-30 21:00:00,manhattan,8.0,23.5,29.6
2024-12-30 21:00:00,queens,,26.0,30.333333333333332
2024-12-30 21:00:00,staten_island,17.0,,27.0
2024-12-30 22:00:00,bronx,,24.0,25.0
2024-12-30 22:00:00,brooklyn,,,31.333333333333332
2024-12-30 22:00:00,manhattan,8.0,22.5,28.6
2024-12-30 22:00:00,queens,,20.0,31.666666666666668
2024-12-30 22:00:00,staten_island,13.0,,27.666666666666668
2024-12-30 23:00:00,bronx,,20.0,26.666666666666668
2024-12-30 23:00:00,brooklyn,,,31.0
2024-12-30 23:00:00,manhattan,17.0,16.5,30.4
2024-12-30 23:00:00,queens,,17.0,32.333333333333336
2024-12-30 23:00:00,staten_island,14.0,,32.0
2024-12-31 00:00:00,bronx,,19.0,26.333333333333332
2024-12-31 00:00:00,brooklyn,,,29.0
2024-12-31 00:00:00,manhattan,23.0,16.5,30.0
2024-12-31 00:00:00,queens,,22.0,30.0
2024-12-31 00:00:00,staten_island,10.0,,31.333333333333332
2024-12-31 01:00:00,bronx,,19.0,27.0
2024-12-31 01:00:00,brooklyn,,,28.333333333333332
2024-12-31 01:00:00,manhattan,18.0,17.0,31.0
2024-12-31 01:00:00,queens,,23.0,29.0
2024-12-31 01:00:00,staten_island,13.0,,28.666666666666668
2024-12-31 02:00:00,bronx,,19.5,26.666666666666668
2024-12-31 02:00:00,brooklyn,,,28.666666666666668
2024-12-31 02:00:00,manhattan,20.0,18.5,30.0
2024-12-31 02:00:00,queens,,18.0,29.333333333333332
2024-12-31 02:00:00,staten_island,11.0,,25.333333333333332
2024-12-31 03:00:00,bronx,,19.0,26.666666666666668
2024-12-31 03:00:00,brooklyn,,,29.666666666666668
2024-12-31 03:00:00,manhattan,22.0,18.0,28.2
2024-12-31 03:00:00,queens,,15.0,30.0
2024-12-31 03:00:00,staten_island,15.0,,26.666666666666668
2024-12-31 04:00:00,bronx,,18.0,27.333333333333332
2024-12-31 04:00:00,brooklyn,,,30.666666666666668
2024-12-31 04:00:00,manhattan,23.0,15.0,28.8
2024-12-31 04:00:00,queens,,14.0,31.666666666666668
2024-12-31 04:00:00,staten_island,15.0,,30.0
2024-12-31 05:00:00,bronx,,17.5,28.666666666666668
2024-12-31 05:00:00,brooklyn,,,33.666666666666664
2024-12-31 05:00:00,manhattan,32.0,14.5,30.2
2024-12-31 05:00:00,queens,,10.0,36.333333333333336
2024-12-31 05:00:00,staten_island,19.0,,33.333333333333336
2024-12-31 06:00:00,bronx,,13.0,29.666666666666668
2024-12-31 06:00:00,brooklyn,,,37.0
2024-12-31 06:00:00,manhattan,30.0,12.5,31.2
2024-12-31 06:00:00,queens,,7.0,39.666666666666664
2024-12-31 06:00:00,staten_island,35.0,,33.666666666666664
2024-12-31 07:00:00,bronx,,12.0,33.666666666666664
2024-12-31 07:00:00,brooklyn,,,41.333333333333336
2024-12-31 07:00:00,manhattan,32.0,9.5,34.8
2024-12-31 07:00:00,queens,,6.0,42.0
2024-12-31 07:00:00,staten_island,42.0,,39.666666666666664
2024-12-31 08:00:00,bronx,,12.5,34.666666666666664
2024-12-31 08:00:00,brooklyn,,,46.666666666666664
2024-12-31 08:00:00,manhattan,32.0,8.0,35.0
2024-12-31 08:00:00,queens,,7.0,47.333333333333336
2024-12-31 08:00:00,staten_island,46.0,,41.666666666666664
2024-12-31 09:00:00,bronx,,13.5,39.666666666666664
2024-12-31 09:00:00,brooklyn,,,48.666666666666664
2024-12-31 09:00:00,manhattan,23.0,12.5,36.0
2024-12-31 09:00:00,queens,,5.0,48.333333333333336
2024-12-31 09:00:00,staten_island,40.0,,44.666666666666664
2024-12-31 10:00:00,bronx,,9.5,43.333333333333336
2024-12-31 10:00:00,brooklyn,,,50.0
2024-12-31 10:00:00,manhattan,14.0,10.5,35.8
2024-12-31 10:00:00,queens,,7.0,50.0
2024-12-31 10:00:00,staten_island,32.0,,46.333333333333336
2024-12-31 11:00:00,bronx,,9.0,46.333333333333336
2024-12-31 11:00:00,brooklyn,,,44.333333333333336
2024-12-31 11:00:00,manhattan,26.0,8.0,44.2
2024-12-31 11:00:00,queens,,8.0,46.0
2024-12-31 11:00:00,staten_island,20.0,,39.333333333333336
2024-12-31 12:00:00,bronx,,17.5,39.0
2024-12-31 12:00:00,brooklyn,,,39.666666666666664
2024-12-31 12:00:00,manhattan,21.0,17.0,38.4
2024-12-31 12:00:00,queens,,18.0,41.0
2024-12-31 12:00:00,staten_island,14.0,,31.666666666666668
2024-12-31 13:00:00,bronx,,19.0,35.333333333333336
2024-12-31 13:00:00,brooklyn,,,36.666666666666664
2024-12-31 13:00:00,manhattan,9.0,19.5,37.8
2024-12-31 13:00:00,queens,,22.0,36.666666666666664
2024-12-31 13:00:00,staten_island,13.0,,32.0
2024-12-31 14:00:00,bronx,,20.5,31.0
2024-12-31 14:00:00,brooklyn,,,34.666666666666664
2024-12-31 14:00:00,manhattan,8.0,22.0,33.6
2024-12-31 14:00:00,queens,,25.0,33.666666666666664
2024-12-31 14:00:00,staten_island,12.0,,28.666666666666668
2024-12-31 15:00:00,bronx,,21.0,30.666666666666668
2024-12-31 15:00:00,brooklyn,,,34.0
2024-12-31 15:00:00,manhattan,11.0,20.5,30.6
2024-12-31 15:00:00,queens,,27.0,32.333333333333336
2024-12-31 15:00:00,staten_island,14.0,,24.333333333333332
2024-12-31 16:00:00,bronx,,20.5,32.0
2024-12-31 16:00:00,brooklyn,,,36.333333333333336
2024-12-31 16:00:00,manhattan,13.0,19.0,32.4
2024-12-31 16:00:00,queens,,26.0,33.333333333333336
2024-12-31 16:00:00,staten_island,16.0,,25.333333333333332
2024-12-31 17:00:00,bronx,,20.0,32.0
2024-12-31 17:00:00,brooklyn,,,37.333333333333336
2024-12-31 17:00:00,manhattan,13.0,20.5,31.6
2024-12-31 17:00:00,queens,,27.0,33.666666666666664
2024-12-31 17:00:00,staten_island,22.0,,27.666666666666668
2024-12-31 18:00:00,bronx,,22.0,31.0
2024-12-31 18:00:00,brooklyn,,,37.333333333333336
2024-12-31 18:00:00,manhattan,18.0,19.5,30.8
2024-12-31 18:00:00,queens,,25.0,34.333333333333336
2024-12-31 18:00:00,staten_island,25.0,,28.666666666666668
